:020000040800F2
:10400000000400201D4300081F4300081F43000850
:104010001F4300081F4300081F4300081F430008F8
:104020001F4300081F4300081F43000829A8000879
:104030001F4300081F4300081F4300081F430008D8
:104040001F4300081F4300081F4300081F430008C8
:104050001F4300081F4300081F4300081F430008B8
:104060001F4300081F4300081F43000865C70008DE
:1040700079C700088DC70008A1C70008B5C70008A8
:10408000C9C70008DDC700081F4300081F43000818
:104090001F4300081F4300081F4300081F43000878
:1040A00051C5000855C50008B9C50008BDC50008C0
:1040B000C1C500081F4300081F4300081F43000834
:1040C0001F4300081F4300081F4300081F43000848
:1040D0001F4300081F4300081F4300081F43000838
:1040E0001F4300081F4300081F4300081F43000828
:1040F0001F4300081F4300081F4300081F43000818
:104100001F4300081F4300081F4300081F43000807
:104110001F4300081F4300081F4300081F430008F7
:10412000F1C7000805C8000819C800082DC8000814
:1041300041C800081F4300081F4300081F43000830
:104140001F4300081F4300081F4300081F430008C7
:1041500055C8000869C800081F4300081F4300082D
:104160001F4300081F4300081F4300081F430008A7
:104170001F43000835CC00081F4300081F430008F8
:104180001F4300081F4300081F4300081F43000887
:104190001F4300081F4300081F4300081F43000877
:1041A0001F4300081F4300081F4300081F43000867
:1041B0001F4300081F4300081F4300081F43000857
:1041C0001F4300081F4300081F4300081F43000847
:1041D0001F4300081F4300081F4300081F43000837
:1041E0001F4300081F4300081F4300081F43000827
:1041F0001F4300081F4300081F4300081F43000817
:1042000072B6374880F30888364880F30988364804
:104210003649086040F20000CCF200004EF63471DE
:10422000CEF200010860BFF34F8FBFF36F8F40F2F3
:104230000000C0F2F0004EF68851CEF20001086096
:10424000BFF34F8FBFF36F8F4FF00000E1EE100A06
:104250004EF63C71CEF200010860062080F314880F
:10426000BFF36F8F04F068F804F068F84FF0553032
:104270001F491B4A91423CBF41F8040BFAE71D4914
:10428000184A91423CBF41F8040BFAE71A491B4A0D
:104290001B4B9A423EBF51F8040B42F8040BF8E75F
:1042A00000201849184A91423CBF41F8040BFAE734
:1042B00004F028F904F024F9144C154DAC4203DA4B
:1042C00054F8041B8847F9E706F0FAFA114C124D2E
:1042D000AC4203DA54F8041B8847F9E704F011B93B
:1042E00000040020000C00200040000808ED00E061
:1042F000000000200004002074EC0008000C0020E6
:10430000440E0020480E0020FC440020004200081B
:1043100000420008004200080042000870E700F078
:1043200000F8FEE72DE9F04F2DED108AC1F80CD012
:10433000C3689D46BDEC108ABDE8F08F002383F36F
:1043400011882846A047002006F00CFAFEE706F088
:10435000B1F900DFFEE700000000000000000000EF
:1043600001F0FF01102A2BDB10F0070F08D010F826
:10437000013B013A8B422DD010F0070F42B3F6D12A
:10438000F0B441EA012141EA014122F007047FF043
:1043900000070023F0E80256083C85EA010586EA9A
:1043A000010685FA47F5A3FA87F586FA47F6A5FAD6
:1043B00087F68EB9EED1F0BC01F0FF0102F00702E2
:1043C00032B110F8013B013A83EA010313B1F8D18D
:1043D0000020704701387047002D06BF354603386E
:1043E000073815F0010F07D1013015F4807F02BFA7
:1043F000013015F4C03F0130F0BC0138704700BFF8
:1044000053B94AB9002908BF00281CBF4FF0FF313B
:104410004FF0FF3000F062B9ADF1080C6DE904CE49
:1044200000F006F8DDF804E0DDE9022304B070478F
:104430002DE9F047089F154604468C461E46002B82
:1044400040F0CB808A4248D9B2FA82F149B1C1F139
:1044500020030CFA01FC20FA03F38D4043EA0C0C14
:104460008C404FEA154EA8B2BCFBFEF8230C0EFBA5
:1044700018CC08FB00F943EA0C43994529D9EB18FD
:1044800008F1FF3204D2994502D9A8F102022B4467
:10449000A3EB0903A4B2B3FBFEFC0EFB1C330CFB25
:1044A00000F044EA0344A04215D92C190CF1FF3363
:1044B00004D2A04202D9ACF102032C44241A43EAEC
:1044C00002401FB1CC4000233C607B603146BDE818
:1044D000F0874246DCE76346F0E7002A73D0B2FA81
:1044E00082F3DBB31E46C6F1200302FA06F521FA79
:1044F00003F2B14020FA03F30B434FEA154E00FAE2
:1045000006F4B2FBFEF1A8B20EFB112C1A0C01FB53
:1045100000F842EA0C42904557D9AA1801F1FF3C35
:1045200004D2904502D9A1F1020C2A44A2EB080260
:104530009BB2B2FBFEF10EFB1122484343EA024359
:10454000984244D9EB1801F1FF3203D2984201D9C5
:104550008A1E2B441B1A42EA0C4201E08B1A0122EC
:104560004FEA154EA8B2B3FBFEFC210C0EFB1C3328
:104570000CFB00F841EA034398452AD9EB180CF1EB
:10458000FF3104D2984502D9ACF102012B44A3EBD0
:104590000803A4B2B3FBFEFC0EFB1C330CFB00F0C3
:1045A00044EA0344A04216D92C190CF1FF3304D27B
:1045B000A04202D9ACF102032C44241A43EA014080
:1045C000314616467DE71F268DE78C46AEE70A4644
:1045D000C0E76146DBE76346EFE78B4206D917B9D0
:1045E0000026304672E7C7E90001F9E7B3FA83F61F
:1045F00086B98B4201D3824207D8841A61EB030348
:1046000001209C461FB9002660E73046FAE7C7E95B
:10461000004CF8E7C6F1200CB34022FA0CF41C431E
:1046200020FA0CF521FA0CF3B14029434FEA144962
:1046300000FA06F5B3FBF9F81FFA84FE09FB1830FF
:104640000B0C08FB0EFA43EA00439A4502FA06F205
:1046500040D9E31808F1FF3004D29A4502D9A8F1F5
:1046600002002344A3EB0A0389B2B3FBF9F809FB68
:10467000183308FB0EFE41EA03418E452CD9611820
:1046800008F1FF3304D28E4502D9A8F10203214478
:1046900043EA0040A0FB0298A1EB0E014145CE4643
:1046A000434602D306D14D4504D2B9EB020E68EB66
:1046B00004030138002FA6D0B5EB0E0261EB030115
:1046C00001FA0CFC22FA06F34CEA0303F140C7E9B5
:1046D000003198E74046C5E74346D9E7704700BF39
:1046E000034A0123118883400B431380704700BFA6
:1046F0000E430020034A01238340108820EA030070
:10470000108070470E43002037B5ADF80400C0F3A9
:10471000072005281DD89DF804300F2B19D803EB6E
:104720000010012503F007039D400B4BC0F3CF00A1
:1047300003EB8003013B002013F8014F21FA00F244
:1047400042F3000262402A400130544004281C70A9
:10475000F2D103B030BD00BFBC42002013B5ADF8AC
:104760000400C0F3072005281AD89DF804300F2B49
:1047700016D80C4C03EB0010C0F3CF00002204EB62
:10478000800403F007011046A35CCB4003F0010353
:10479000934001321843042AC0B2F5D102B010BDD3
:1047A0000020FBE7BC42002030B5084D01242B88D7
:1047B00004FA01F104FA00F0084381B21840944071
:1047C00081420CBF2343A3432B8030BD0E43002006
:1047D000F0B50D4B0D4C1B7826780D4CB34201D132
:1047E0000020F0BD04EBC3056F788F4206D114F8AA
:1047F0003370874202D16D79954203D1013303F0C2
:104800000703EBE70120ECE71743002016430020E5
:1048100018430020054B064A1B7812789A4200D1B3
:104820007047013303F00703F8E700BF1743002088
:104830001643002010B5154B1B7823B1144B93F988
:104840000030002B15DB134900224FF0FF3311F825
:10485000014FA04219D0B3F1FF3F01D104B953B2C7
:104860000132062AF3D15A1C0FD00B4A1344987018
:104870000BE0EF2809D8084A02EBD0020123917817
:1048800000F0070083400B43937010BDE40D00203F
:1048900060430020711100207011002010B5114BF1
:1048A0001B7823B1104B93F90030002B0CDB0F4A1F
:1048B0000623002112F8014F013B844208BF11700A
:1048C00013F0FF03F6D10CE0EF280AD8084B03EBF6
:1048D000D00301219A7800F00700814022EA01020A
:1048E0009A7010BDE40D002060430020711100207B
:1048F0007011002010B50A490B7823EA000010F06F
:10490000070408700BD1984209D0064B5B785B070F
:1049100005D5C008FFF7EEFE034B0C701C8010BDE0
:10492000114300206043002012430020024A137804
:1049300023EA00031370704709430020034A1378E9
:104940001BB100231370024A1380704708430020F4
:1049500014430020E7284FD8DF2807D8312864D037
:104960000ED8292857D02A2866D07047A0F1E00336
:10497000072B41D8DFE803F01540232831403C41A4
:10498000392804D0822802D035283FD07047324BD6
:104990001A7892071FD15B7813F0080F18BF2920EF
:1049A00070472D4A1378D9074DD4527812F0010F71
:1049B00022D013F0100F14BF0020E3207047264BC5
:1049C0001B7813F0040FF3E7234A137859073CD4FC
:1049D0005278D207EDD5E02070471F4B5A789107E7
:1049E0000AD51B7813F0100F14BF0020E720704782
:1049F000194B1B781A07F5D47047174A1378190713
:104A000025D452789107EDD5E4207047124B1B78DE
:104A100013F0200FC2E7104B1A78920619D45B7876
:104A200013F0080F18BF392070470B4B1B7813F099
:104A3000400F18BF2A207047074B1B7813F0400F18
:104A400018BF3120704739207047E2207047E620B8
:104A500070473520D0E700BF6043002030B52F4DB0
:104A60002B785A0711D500F0140100F018020C1F22
:104A70006142A2F1080C6141DCF1000242EB0C0240
:104A800080F00C04914218BF2046190713D500F09E
:104A9000140400F01801A4F1140CA1F11802DCF1C7
:104AA000000444EB0C045142514180F00C02D2B29C
:104AB0008C4218BF10466D78E90713D500F0110439
:104AC00000F0180104F1FF3CA1F10802DCF1000440
:104AD00044EB0C045142514180F00902D2B28C42A5
:104AE00018BF1046AA0711D500F0110400F01801F4
:104AF000A4F111025442A1F118055441694280F019
:104B000009026941D2B28C4218BF104600F0E70298
:104B100013F0100F18BF104630BD00BF60430020D7
:104B200038B5FFF717FFB0F5A44F04463FD2B0F5F4
:104B3000A04F80F0A680DF2816D8CC2800F286800F
:104B4000A7280AD8A42874D8012804D0031F9BB230
:104B5000A12B28BF0024204638BDA0F1A8039BB29A
:104B60001A2B6BD90024F6E7B0F5804F16D2B0F5BA
:104B7000005F80F09880E728EDD9A0F580739BB2A4
:104B8000B3F5F85FEED2C0F30720FFF767FF0546E5
:104B9000E0B2FFF7DFFE40EA0524DCE7C0B2FFF732
:104BA000D9FE04F47064204340F42044D3E7B0F508
:104BB000A54F21D245F25F23984251D845F23F23B9
:104BC00098420ED845F21F23984242D800F00304C1
:104BD0000123A340C0F3850243EA421343F40D448A
:104BE000B9E700F003040123A340C0F3820243EAC3
:104BF000421343F40C44AEE745F2BF2398420AD86F
:104C000045F29F23984200F01F0034D84AF2F40383
:104C100043EA00249FE7A0F5A543403B9BB21F2B2E
:104C2000A0D8040204F4F85444F4204444F0F004FE
:104C300091E7A0F1240444F480448CE758341F4BDE
:104C4000E4B233F8144044F4884484E740F4A044C8
:104C500081E700F01F044AF2F10343EA04247AE7F3
:104C600000F003040123A340C0F3820243EA42138D
:104C700043F40A446FE7FFF7F1FE040244F40054E2
:104C800069E700F01F00FFF7E9FE03B21A0112B254
:104C900010F0100FC4F3431418BF134643EA042363
:104CA00043F4104457E7C0F30420FFF7D7FE05464E
:104CB000E0B2FFF74FFE40EA0524DFE72CE90008E9
:104CC000002070470020704730BFFDE700EB400335
:104CD000C3EB031300EB830003B2002B07DA803B26
:104CE00018B2002800DAFF30001240B2704780305E
:104CF000FAE700000E4B1B78D90710D49A0710D49E
:104D00005B0712D40B4B187868B11D280DD800EB47
:104D1000800000011E23B0FBF3F0C0B270471420E6
:104D2000FBE72820F9E70820F7E75020F5E700BF68
:104D3000EC420020EE4200200E4B1B78D9070FD426
:104D40009A070FD45B0711D40B4B187860B1272852
:104D50000CD8C0002823B0FBF3F048B1C0B27047B4
:104D60000220FBE70420F9E70120F7E70820F5E738
:104D700001207047EC420020ED42002008B5A0F170
:104D8000CD03122B10D8DFE803F00A1013192E2ED2
:104D90002E2E2E2E2E2E1C21252B363C4100FFF7C9
:104DA000A9FF40421C4BD87008BDFFF7A3FFF9E7ED
:104DB000FFF7A0FF4042184B9870F5E7FFF79AFF06
:104DC000F9E7FFF7B9FF144B1871EDE7FFF7B4FFF0
:104DD0004042F8E7FFF7B0FF40420F4B5871E3E75E
:104DE000FFF7AAFFF9E70C4AD13851780123834035
:104DF0000B435370D8E7094A137843F0010313704B
:104E0000D2E7064A137843F00203F8E7034A13781F
:104E100043F00403F3E700BFEF420020EC42002020
:104E2000414BCD2893F9032012D1002A01DA002248
:104E3000DA709A78D9780A4352B20AB93B490A70B3
:104E40001A795B7913435BB20BB9394A1370704717
:104E5000CE2802D1002AEADCEBE7CF2893F9022022
:104E600004D1002AE5DA00229A70E2E7D02802D1C4
:104E7000002AF8DCDDE7D92893F9042004D1002AC0
:104E8000D7DD00221A71D4E7DA2802D1002AD0DA5D
:104E9000F7E7DB2893F9052004D1002AC9DA0022BC
:104EA0005A71C6E7DC2802D1002AF8DCC1E7D13804
:104EB0000E28BED801A252F820F000BFF94E00081B
:104EC000F94E0008F94E0008F94E0008F94E0008A6
:104ED000F94E0008F94E0008F94E0008334E00085C
:104EE000334E0008334E0008334E0008074F0008C9
:104EF000134F00081D4F00085A780121814022EA13
:104F000001025A7095E70B490A7822F001020A70F3
:104F10008FE708490A7822F00202F8E705490A7883
:104F200022F00402F3E700BFEF420020EE4200202F
:104F3000ED420020EC42002010B50C4C237993B9CF
:104F4000302282F311880A4A0A48D1699360486086
:104F500000F1883048600B610221117183F31188E0
:104F60000120207110BD0220FCE700BFC8400020D6
:104F7000D0400020230167450A4A13797BB13023D2
:104F800083F311880849C869036943F0800303610A
:104F900001200871002383F31188137170470220E8
:104FA000704700BFC8400020D040002073B5094BB7
:104FB0001D68CB43ADF80630074B411918680368EC
:104FC0000222DC680DF10603A047B0FA80F0400928
:104FD00002B070BD700C0020F040002038B5074BC7
:104FE0001C68074B0444186803685B680D469847C3
:104FF00043691B5BDB432B80012038BD700C002014
:10500000F040002030B52C4A85B0C0F3074310F4BF
:105010007F4FD25C0190C0F3072549D09DF8044032
:10502000FF2304EB4400591B4000B0FBF3F04FF6A4
:10503000AB7310FB03F303EB440303EB4303DBB25B
:1050400015FB03F4C3F1FF0313FB05F324121B123A
:10505000C4F1FF04C3F1FF0311FB02F114FB02F4DE
:1050600013FB02F3091224121B1206281BD8DFE8D7
:1050700000F004061311161A040014461A46D2B2A0
:10508000002062F30700E4B264F30F2061F31740DD
:1050900005B030BD134622460C461946EFE71C46C4
:1050A00013460A46F9E713460A4621461C46E6E738
:1050B00011461446E3E700BFF8E40008012810B5E4
:1050C00001D8C0B210BDB0F5F75F9DBF42090832EC
:1050D000D2B2FF2201218B185B1003FB03F4A4B2B0
:1050E000844206D9013BDAB29142F4D90139C8B2FF
:1050F000E8E7FF2B02D00133D9B2F5E71846E1E724
:10510000064B188800EB402200EB820000F5585057
:105110001930188000EB1020C0B27047680C0020D6
:10512000430610B54CBF80F0FF0303460E4C48BF4A
:1051300003F00F02C3F3011304EB430158BF00F067
:105140000F02497814F8133048BF013211FB02F204
:1051500003EB1213DBB25A4210F0800FD2B218BF29
:10516000134683F0800010BDF0E4000810B504463B
:1051700010B9C90FC80110BD80EAE073A3EBE0735A
:1051800000291AB201FA83F30DDB891A490191FB58
:10519000F3F1C1F12001C8B24342DBB230EA24008E
:1051A00028BF1846E7E75B01521A93FBF2F3C3F1FD
:1051B0006003D8B2F0E700003031154B13F811301E
:1051C0004FF0E40113FB01F3C2EB132384B01C3353
:1051D000002B0190B8BF5B42C0F30720A0EBC303D4
:1051E0001BB223EAE37313FB00F31B128DF80530A7
:1051F000019B0020DAB262F30700C3F3072262F3D7
:105200000F20C3F3074363F3174004B0704700BF98
:1052100088E700083031154B13F811304FF0E401E6
:1052200013FB01F3C2EB132384B01C33002B01905A
:10523000B8BF5B42C0F30740A0EBC3031BB223EA35
:10524000E37313FB00F31B128DF80630019B002063
:10525000DAB262F30700C3F3072262F30F20C3F34D
:10526000074363F3174004B0704700BF88E70008A6
:1052700030B585B0C0F3072501901046EC1AFFF752
:1052800075FFC0EB801300EB83000444E4B214FB11
:1052900005F424128DF80540019B0020DAB262F378
:1052A0000700C3F3072262F30F20C3F3074363F33E
:1052B000174005B030BD30B585B0C0F3074501904B
:1052C0001046EC1AFFF752FFC0EB801300EB83008F
:1052D0000444E4B214FB05F424128DF80640019B4B
:1052E0000020DAB262F30700C3F3072262F30F2053
:1052F000C3F3074363F3174005B030BD30B585B045
:10530000C0F3072501909DF820001B1A1046EC18E9
:10531000FFF72CFF241AE4B214FB05F424128DF8D5
:105320000540019B0020DAB262F30700C3F30722B5
:1053300062F30F20C3F3074363F3174005B030BD9A
:1053400030B585B0C0F3074501909DF820001B1AC9
:105350001046EC18FFF70AFF241AE4B214FB05F418
:1053600024128DF80640019B0020DAB262F3070098
:10537000C3F3072262F30F20C3F3074363F317401D
:1053800005B030BD84B001908DF80420019B002051
:10539000DAB262F30700C3F3072262F30F20C3F30C
:1053A000074363F3174004B07047000030310B4BE4
:1053B00013F8113084B09B1A01908DF80430019BD2
:1053C0000020DAB262F30700C3F3072262F30F2072
:1053D000C3F3074363F3174004B0704788E700083E
:1053E0000C4B03EB410384B093F8613001909B1A9E
:1053F0008DF80430019B0020DAB262F30700C3F39A
:10540000072262F30F20C3F3074363F3174004B08E
:10541000704700BF88E7000830B5134D303105EB09
:10542000410385B05B780190A3F12004C3F1200310
:105430005BB264B234EA240428BF1C4615F811306C
:105440009B1A234403448DF80430019B0020DAB2F8
:1054500062F30700C3F3072262F30F20C3F307438D
:1054600063F3174005B030BD88E7000884B003EB54
:1054700043039DF81020019002EB53038DF8043094
:10548000019B0020DAB262F30700C3F3072262F344
:105490000F20C3F3074363F3174004B070471FB5F1
:1054A000019048B2494249B230EA200028BF08467C
:1054B0005243C0F1380010FB002080B21C46FFF7B9
:1054C000FDFD00EB400004448DF80440019B0020EA
:1054D000DAB262F30700C3F3072262F30F20C3F3CB
:1054E000074363F3174004B010BD1FB50190104689
:1054F0001C46FFF73BFE20448DF80400019B002072
:10550000DAB262F30700C3F3072262F30F20C3F39A
:10551000074363F3174004B010BD1FB501909DF819
:1055200018001C1A1046FFF721FE241A8DF80440BB
:10553000019B0020DAB262F30700C3F3072262F393
:105540000F20C3F3074363F3174004B010BD0000FE
:105550001FB5124C0190303304EB430014F81330A4
:105560004078703B4B43203802FB0032002A9DF804
:105570000430B8BF7F3203EBE2138DF80430019B97
:105580000020DAB262F30700C3F3072262F30F20B0
:10559000C3F3074363F3174004B010BD88E7000866
:1055A0001FB5124C0190303304EB430014F8133054
:1055B0004078703B4B43203802FB0032002A9DF8B4
:1055C0000430B8BF3F3203EBA2138DF80430019BC7
:1055D0000020DAB262F30700C3F3072262F30F2060
:1055E000C3F3074363F3174004B010BD88E7000816
:1055F00030B53033174C04EB430514F813406D7885
:10560000A4F17003C4F1700464B25BB233EA230303
:1056100028BF2346C3F138034B43203D02FB05322C
:1056200085B012EB420248BF7F32019000EBE210DE
:105630008DF80400019B0020DAB262F30700C3F387
:10564000072262F30F20C3F3074363F3174005B04B
:1056500030BD00BF88E7000830B585B00446019032
:10566000104601F13005FFF75BFD114B13F81530C3
:1056700018440206A0F180035CBF6FF07F031B1A81
:105680005B0003F0FE0303EB430304EB93148DF87C
:105690000440019B0020DAB262F30700C3F3072243
:1056A00062F30F20C3F3074363F3174005B030BD27
:1056B00088E700081FB5124B0190303113F8111024
:1056C0008B1ADCB213F0800FA2EB0102D2B208BF3A
:1056D000224602EB420242F3571202448DF80420A4
:1056E000019B0020DAB262F30700C3F3072262F3E2
:1056F0000F20C3F3074363F3174004B010BD00BF8E
:1057000088E7000884B0C9430190C9B2C0F30740DC
:1057100011FB00F109128DF80610019B0020DAB28E
:1057200062F30700C3F3072262F30F20C3F30743BA
:1057300063F3174004B0704784B0C9B2C1F182016D
:1057400001900029A8BF40188DF80400019B00209B
:10575000DAB262F30700C3F3072262F30F20C3F348
:10576000074363F3174004B0704784B003EB830230
:10577000BDF81030019013449BB2FF2B28BFFF23CC
:10578000C0F30740DB4350FA83F3FF2B28BFFF230E
:105790008DF80630019B0020DAB262F30700C3F3F4
:1057A000072262F30F20C3F3074363F3174004B0EB
:1057B00070471FB50029B8BF4942002AB8BF5242FE
:1057C00009B2090112B2FF294FEA0212BDF81840CE
:1057D0000190A8BFFF21FF2AA8BFFF22234409B2DE
:1057E00012B29142D4BF5B189B189BB2FF2B28BF0B
:1057F000FF23C0F30740DB4350FA83F3FF2B28BF9E
:10580000FF238DF80630019B0020DAB262F3070017
:10581000C3F3072262F30F20C3F3074363F3174078
:1058200004B010BD1FB5482B0190C0F3074030D81D
:10583000BDF81840E31A9BB2FF2B28BFFF230831A5
:1058400089B2102905D902F1080189B2112928BFAE
:10585000FF231149DB4350FA83F3002A4978B8BF8C
:105860000332FF2B01EBA20228BFFF238DF8042097
:105870008DF80630019B0020DAB262F30700C3F313
:10588000072262F30F20C3F3074363F3174004B00A
:1058900010BDFF23D3E700BF0043002084B0C0F356
:1058A0000741BDF810200190D31A9BB2FF2B28BFEF
:1058B000FF23DBB283F0FF021144FF29034428BF1A
:1058C000FF218DF804308DF80610019B0020DAB21C
:1058D00062F30700C3F3072262F30F20C3F3074309
:1058E00063F3174004B0704784B0BDF810200190F6
:1058F000D21A92B2FF2A28BFFF22C0F30740D24338
:1059000050FA82F2FF2A28BFFF228DF80620019B61
:105910000020DAB262F30700C3F3072262F30F201C
:10592000C3F3074363F3174004B07047024B1A7880
:1059300010431870704700BF0041002000F04ABCBF
:105940002DE9F04FDFF8F080384E98F800403279BA
:10595000374F04EB840304EB43046400E4B28DB0DE
:1059600004F11605EBB21D466C2B0393314B0590E9
:105970001B884FEA520202FB03F328BF6C25C3F3D6
:105980000723AB460493A7F1D809A7F1D70AE3B2DE
:105990009B4507D8039B6B2B8CBF002001200DB0CB
:1059A000BDE8F08F98F801303A5D1A423CD01AF801
:1059B000143019F81400203B9AB270385B4381B25E
:1059C00000FB003080B207910692FFF777FB049A44
:1059D000009296F801C096F803E0BDF91820BDF9D1
:1059E0001C10059D0346B0784CEA002040EA0E40AA
:1059F000A8478DF82400C0F30723C0F307408DF8B3
:105A000026008DF82530099BADF828301B0C8DF849
:105A10002A300A98FFF7F6FAC0F30743C2B2C0F380
:105A200007212046FFF78AFF0134B0E7004300203A
:105A3000C0E80008C01F0020640C00202DE9F04FD2
:105A4000DFF8D080304E98F8004032792F4F04EBC9
:105A5000840304EB43046400E4B289B004F1160546
:105A6000EBB21D466C2B0193294B03901B884FEA28
:105A7000520202FB03F328BF6C25C3F30723AB4696
:105A80000293A7F1D709A7F1D80AE3B29B4507D83B
:105A9000019B6B2B8CBF0020012009B0BDE8F08F6B
:105AA00098F801303A5D1A422BD0B378707896F8A6
:105AB00003C019F814201AF81410039D40EA0320BB
:105AC000203A7039029B40EA0C40A8478DF8140038
:105AD000C0F30723C0F307408DF816008DF815308A
:105AE000059BADF818301B0C8DF81A300698FFF79F
:105AF00089FAC0F30743C2B2C0F307212046FFF77B
:105B00001DFF0134C1E700BF00430020C0E80008CA
:105B1000C01F0020640C00202DE9F04F2C4EDFF850
:105B2000B89034782B4ADFF8B4B0158804EB8403BE
:105B300004EB4304640099F80430E4B204F116085D
:105B40005FFA88F89B08B8F16C0F03FB0555C24655
:105B500085B0074628BF4FF06C0AC5F30725E1B2B0
:105B60008A4507D8B8F16B0F8CBF0020012005B023
:105B7000BDE8F08F73781BF804201A4226D099F8FC
:105B8000022099F8013099F8030043EA022343EA1E
:105B900000402A46B8478DF80400C0F30723C0F33D
:105BA00007408DF806008DF80530019BADF80830F0
:105BB0001B0C8DF80A300298FFF724FAC0F3074354
:105BC000C2B2C0F307212046FFF7B8FE0134C6E792
:105BD000640C0020C01F002000430020C0E8000823
:105BE0002DE9F04FDFF8D880334F98F80040DFF808
:105BF000D4A004EB840304EB43046400E4B28BB050
:105C000004F11606F3B26C2B1E4603932B4B059042
:105C10001D883B794FEA930303FB05F5C5F3072580
:105C200005F14000C0B228BF6C26FFF779FA803832
:105C30004FFA80FB2846FFF773FA803843B2B1462B
:105C40000493E3B2994507D8039B6B2B8CBF0020CC
:105C500001200BB0BDE8F08F98F801201AF804106D
:105C6000114227D00095BA78787897F803C0059E3E
:105C700040EA02205946049A40EA0C40B0478DF8A9
:105C80001C00C0F30723C0F307408DF81E008DF8F9
:105C90001D30079BADF820301B0C8DF82230089882
:105CA000FFF7B0F9C0F30743C2B2C0F307212046A3
:105CB000FFF744FE0134C4E700430020C01F00206A
:105CC000640C0020C0E800082DE9F04FDFF80481E3
:105CD0003E4D98F80040DFF800A1DFF8009104EB9A
:105CE000840304EB43046400E4B22B7904F1160648
:105CF000F6B287B001336C2EB346019028BF4FF047
:105D00006C0BFF2B28BFFF234FF6FF77B7FBF3F792
:105D1000E1B28B4506D86B2E8CBF0020012007B066
:105D2000BDE8F08F98F801301AF804201A423BD0F1
:105D300099F800302648013B5BB21A0636D53A4640
:105D400029796B78E8780131FF2928BFFF21514379
:105D5000AA7843EA0223C1F30F2143EA0040019BE2
:105D600098478DF80C00C0F30723C0F307408DF867
:105D70000E008DF80D30039BADF810301B0C8DF824
:105D800012300498FFF73EF9C0F30721C0F3074330
:105D90008DF814008DF815108DF81630C2B2DBB2F4
:105DA000C9B22046FFF7CAFD0134B1E7C25C8A429E
:105DB0000AD103F10C0209EB420292F801C0927879
:105DC0004CEA02229742BBD8013BB6E700430020D1
:105DD00012410020640C0020C0E8000801410020AE
:105DE0002DE9F04F514BDFF85C911C7804EB8403F4
:105DF00004EB43046400E4B24D4B04F116078DB08C
:105E0000FFB21B7806916C2FBB46824628BF4FF02D
:105E10006C0B0293E3B29B4506D86B2F8CBF00201E
:105E200001200DB0BDE8F08F404B19F804205B78DD
:105E30001A4233D03F493E4E032209A807F034FFEF
:105E4000630004933C4B03EB4403D04656440025C7
:105E50000593029A5FFA88F39A4221D8374BDB7890
:105E600013FB05F31B128DF82630099BADF8283083
:105E70001B0C8DF82A300A98FFF7C4F8C0F30721ED
:105E8000C0F307438DF82C008DF82D108DF82E30BF
:105E9000C2B2DBB2C9B22046FFF750FD0134B9E708
:105EA000059B049A187816F8013FC01A244B9B5C96
:105EB000327A9B1A9AB25B4381B200FB003080B207
:105EC00007910392FFF7FAF803461C48184A90F826
:105ED00004C0BDF91C1008F10C0002EB400E0CF1DF
:105EE000010C9EF801009EF802E08DF82650BCF1EE
:105EF000FF0F40EA0E2028BF4FF0FF0C00FB0CFC08
:105F0000CCF30F20069D0090BDF90C200998A847FE
:105F1000C0F307238DF82400C0F307408DF8253027
:105F20008DF82600C5B208F1010892E7640C002044
:105F30000141002001430020E8E700080043002061
:105F4000E9E70008C0E80008F7B51B4B1B4A03440B
:105F5000527893F83831134204462AD0184B5978B6
:105F60009E78DD78FFF7CCF84FF4B47201F1B403FA
:105F7000B3FBF2F702FB17335B1A48BF033343F35B
:105F80008F0300F0030003FB00118DF800108DF863
:105F900001608DF802500098FFF734F8C0F3074312
:105FA000C2B2C0F30721204603B0BDE8F040FFF7BE
:105FB000C5BC03B0F0BD00BF88E70008640C00203A
:105FC0000043002013B5144B144A0344527893F84D
:105FD0003831134204461DD0FFF792F80146FFF70F
:105FE0008FF80F4B8DF8001040F35700DB788DF8D9
:105FF00002307F308DF801000098FFF703F8C0F3FE
:106000000743C2B2C0F30721204602B0BDE81040EA
:10601000FFF794BC02B010BD88E70008640C0020B4
:106020000043002000F0F2B808B5074B074A18708B
:10603000074B1B78C3F30003137000F037FD054BCB
:1060400003221A7008BD00BF630C0020620C002000
:1060500000430020E50D00200D4A03461078C007DC
:1060600010B413D573B12C2B0ED803F07F03147822
:1060700063F34704074B147000221A7010BC0846E3
:10608000FFF754BC0123F2E72C23F0E710BC704764
:1060900000430020E50D0020054B1878C0F34600B2
:1060A0000130C0B201212D2828BF0846FFF7D4BF18
:1060B00000430020064B1878C0F34600013810F06A
:1060C000FF004FF0010108BF2C20FFF7C5BF00BF44
:1060D0000043002030B4084C2578ED0709D5802A0C
:1060E00028BF80226070A170E270184630BCFFF7B4
:1060F0001DBC30BC704700BF0043002003494878F6
:10610000CA78897801230830FFF7E4BF00430020F4
:1061100004494878CA7889780838012380B2FFF7A3
:10612000D9BF00BF0043002005488178C27840787D
:106130001031FF2928BFFF210123C9B2FFF7CABFD1
:106140000043002005488178C2784078103921EA60
:10615000E1710123C9B2FFF7BDBF00BF00430020BA
:106160000548C278817840781032FF2A28BFFF2284
:106170000123D2B2FFF7AEBF004300200548C2782A
:1061800081784078103A22EAE2720123D2B2FFF716
:10619000A1BF00BF00430020044A13791033FF2B36
:1061A00028BFFF2301201371FFF7C0BB004300206D
:1061B000044A1379103B23EAE37301201371FFF7BC
:1061C000B5BB00BF00430020014B00221A7070478E
:1061D000301E0020F0B50B4C00EB4006A5196F787F
:1061E0008F4205D1A65D964202D1AD789D4208D07E
:1061F000054D00EB400001262E70251822546970D1
:10620000AB70F0BDEC1C0020301E002070B51346B2
:1062100005460E4600242046324629460134FFF743
:10622000D9FF6C2CF7D170BD00B1104708470000B2
:10623000024B186808B1036818477047984200205D
:1062400008B5FFF7F5FF08BD0A4B07B51A8882426B
:106250000ED01880084B1B6853B103228DF805003F
:10626000000A8DF80600DB688DF8042001A8984725
:1062700003B000BDE6110020984200200B4B07B58B
:106280001A8882420FD01880094B1B685BB1042228
:106290008DF80500000A8DF80600DB688DF80420F3
:1062A0000DEB0200984703B000BD00BFE4110020D1
:1062B0009842002038B5302383F311884FF0804393
:1062C000124C1349586A23680A68C01A8242114A5C
:1062D0000AD9A3F58333E03B156823600E4B00F524
:1062E0008330EB18E030136008601568002181F3FB
:1062F00011880A4C0A4A4FF47A7CE0FB0C410023D7
:106300002046FEF77DF8284438BD00BFFC40002041
:10631000F8400020F440002088598F029F86010039
:10632000A0860100094A527808B553070AD5084BE0
:1063300041EAC0011970FEF7D3F9FFF7BBFF054B27
:10634000188008BDBDE80840FEF7CAB960430020C8
:10635000114300201243002008B5064A1378034277
:1063600007D023EA0000107008B1FFF7A3FF024B2B
:10637000188008BD084300201443002010B5FFF723
:1063800099FF0D4B9A78D9780A4352B20AB10B4A59
:1063900010801A7959790A4352B20AB1084A10801A
:1063A000084A126832B102211970BDE810409368A2
:1063B0000148184710BD00BFEF4200209042002066
:1063C0008E42002098420020BFF34F8F0549064BB4
:1063D000CA6802F4E0621343CB60BFF34F8F00BF83
:1063E000FDE700BF00ED00E00400FA0530B542EA29
:1063F000012422490D782249B4F5006F4FEA142098
:1064000081F8215081F85A5012D2A8B1431E062BB0
:1064100012D8DFE803F0042F1411111E2F00194ABF
:106420001223194842600360002A08BF104630BD9D
:10643000212811D0222816D000231A46F1E7E3B212
:10644000022BF9DC114A12499BB252F82320CB5C93
:10645000E7E7104A0A23E4E7022BEDD80E4A52F888
:1064600023200923DDE7022BE6D80C4A0C4952F819
:106470002320ECE7024A5B23D3E700BF7C0C00201B
:10648000070C00207AE10008DC110020ACE10008D4
:10649000A8E1000870E100089CE1000890E1000814
:1064A0008CE100087047000010B5064A064C1178D0
:1064B00024784B1C03F00F039C421EBF034C137047
:1064C000605410BD5941002058410020484100202F
:1064D00090F88610074A0229137807D1012B01D0C2
:1064E000072B05D1044B52781A707047024A13707B
:1064F000704700BFD8110020D7110020014B187839
:10650000704700BFD7110020704710B503461B68C5
:10651000984203D09C688A689442F8D25A680B600B
:106520004A601160596010BDC368C269013BC36015
:106530004369134482694361934224BF436A4361C0
:1065400000238362036B03B1184770470369196026
:10655000C268013AC260C26913448269036193420E
:1065600024BF436A036100238362036B03B11847AE
:10657000704700002DE9F04F89B005AB02930393FB
:10658000002301939DF80480302383F3118808F1E0
:10659000FF386D4C0122B8F1040F06D8DFE818F07F
:1065A0006F0083009700AB00BF006848102106F021
:1065B0006BF8664A102353832378002B59D1A0230C
:1065C00000BF013BFCD100BF00BF00BF00BF00BF48
:1065D00000BF00BF00BF00BF00BF00BF00BF00BFC3
:1065E00000BF00BF00BF00BF00BF00BF00BF00BFB3
:1065F00000BF00BF00BF00BF00BF00BF00BF00BFA3
:1066000000BF00BF00BF00BF00BF00BF00BF00BF92
:1066100000BF00BF00BF00BF00BF00BF00BF00BF82
:1066200000BF00BF00BF00BF00BF00BF00BF00BF72
:1066300000BF464B1F69A3F5A053BFB2D3F810A00B
:10664000D3F8105803F580631E6903F500631FFA41
:106650008AFB1B69ADB2B6B21FFA83F92022B8F1EA
:10666000040F77D8DFE818F015012601370148013B
:1066700059014FF4487300BF013BFCD1A3E73348F5
:10668000202106F001F8314A20235383237823B9CF
:10669000A02300BF013BFCD195E74FF4487300BF36
:1066A000013BFCD18FE72A48102105F0EDFF284A75
:1066B00010235383237823B9A02300BF013BFCD1CF
:1066C00081E74FF4487300BF013BFCD17BE72048D2
:1066D000202105F0D9FF1E4A20235383237823B9B4
:1066E000A02300BF013BFCD16DE74FF4487300BF0E
:1066F000013BFCD167E71648402105F0C5FF144A6D
:1067000040235383237823B9A02300BF013BFCD14E
:1067100059E74FF4487300BF013BFCD153E70C48E5
:10672000082105F0B1FF0A4A08235383237823B9CF
:10673000A02300BF013BFCD145E74FF4487300BFE5
:10674000013BFCD13FE700BF96430020001402400C
:10675000000002407948102105F096FF2378002BB5
:1067600040F09180A02300BF013BFCD1002383F3C4
:106770001188C6F380236FEA0A0A83F00103CAF383
:10678000C03AC6F3800282F0010243EA0A2343EAD8
:106790004203C6F3400282F0010243EA8203C6F3D9
:1067A000003282F0010243EAC203CBF3C02282F03E
:1067B0000102CBF3003B43EA02138BF0010BC7F35A
:1067C000801282F0010243EA4B13C7F3C01743EA79
:1067D000821387F00107C5F3802282F0010243EAA9
:1067E000C71343EA4223C5F3C02282F00102C5F376
:1067F000003543EA822385F00105C9F3800943EAA5
:10680000C52389F00109C6F3C00282F0010243EA00
:10681000093343EA4233C6F3001282F0010243EA2D
:106820008233B2061BB200F193806FEA43436FEAF2
:106830005343434ADFF804C1B2F902E0B2F90480DD
:10684000B2F90690B2F908A0B2F90AB03D4F3E4E37
:106850003E4ADCF8105038691169A2F580622EEAD0
:1068600005051269346928EA0000284329EA010174
:1068700001432AEA02020A432BEA0404224312B229
:10688000002AE5D167E04FF4487300BF013BFCD11B
:106890006CE72A48114605F0F7FE237823B9A023B8
:1068A00000BF013BFCD161E74FF4487300BF013BDF
:1068B000FCD15BE72348102105F0E6FE237823B9DD
:1068C000A02300BF013BFCD150E74FF4487300BF49
:1068D000013BFCD14AE71B48114605F0D5FE237861
:1068E00023B9A02300BF013BFCD13FE74FF448731D
:1068F00000BF013BFCD139E71248402105F0C4FE3E
:10690000237823B9A02300BF013BFCD12EE74FF42D
:10691000487300BF013BFCD128E70A48082105F075
:10692000B3FE237823B9A02300BF013BFCD11DE7B0
:106930004FF4487300BF013BFCD117E7001402403D
:106940008A43002000000240000C02400008024080
:10695000002B7FF46EAF039A22F8023B019B039257
:106960000133062B01937FF40DAEDFF834A1002430
:1069700052462346029D32F8020B35F8021B02955F
:1069800001338842DBB21CBF22F8021C0124062B13
:10699000F0D1DFF810813E4D98F80070DFF80891D3
:1069A00000232B70002F70D0FFF784FC394A136846
:1069B0001060C31AFF2B66D85BB337490968002201
:1069C000DBB288F8002089F8002001F1600E9446BF
:1069D000934601F10F06481E019610F8016F46B16B
:1069E000B34233BFF61A80F800B03A46067038BF9B
:1069F000BC46019EB042F0D110317145E9D112B1CF
:106A0000012389F80030BCF1000F02D0012388F87F
:106A1000003044B93C4699F800308BB31CB9FFF7FD
:106A200049FC1C4B18601C4B1C4E1B68002189F84C
:106A3000001003F1600C4FF0010E4FF014093AF80A
:106A4000027B36F8024B002267400EFA02F0074242
:106A500009D013F802B0BBF1000F04D1604003F875
:106A6000029084B201210132102AEED110339C45EC
:106A700026F8024CE3D119B101232B7088F80030BD
:106A800009B0BDE8F08FFF2397E7002CC3D0C6E71D
:106A9000714300206C4300206443002072430020B7
:106AA0007E43002070430020684300202DE9F04120
:106AB000754D2B78002B00F0DE80744E744C3778C7
:106AC000002F40F0A8804FF422622521204607F0D5
:106AD0009EF83946E02204F5226007F098F86D48E8
:106AE00040F68A024FF4806105F0CEFD302383F337
:106AF0001188694A136813F001011CD143F00103A6
:106B00001360664B9160D1601A6B654842F4800255
:106B10001A631A6D42F480021A651B6D614B0122E3
:106B2000C3F80021C0F800219A6822F00F029A6091
:106B30000E225A609960002181F311885A4AD36964
:106B400003F13C00574B186143F2B0105C61986050
:106B50004FF43060D8602E20C3F80401986840F0EC
:106B600001009860302383F3118810784F4B5360F5
:106B700001284FF087039360D160D3697DD14749E5
:106B8000486C40F001004864486E40F001004866DF
:106B9000486E486A40F001004862486A20F00100EF
:106BA0004862496A4249516146F668019961D96172
:106BB000517E11B14FF48061196051693D48B1FBBC
:106BC000F0F101399962177E8621D96200204FF4D5
:106BD00080714FF0010C58601962C3F814C018613D
:106BE000D96017B14FF400415964196841F085012B
:106BF000196002231370002383F31188302181F37D
:106C00001188D16841F00401D160D269D36383F364
:106C1000118801233370284A082140F6282692F86B
:106C2000018092F800E092F802C06018002348FA50
:106C300003F717F0010F0CBF25275627C7714EFA2F
:106C400003F717F0010F0CBF2527562700F8017D29
:106C50004CFA03F717F0010F03F101030CBF2527CE
:106C60005627082B0774E2D11831B14202F1030212
:106C7000D5D100232B70BDE8F08119605963996369
:106C8000D9631964596293E7301E0020EB1C002081
:106C9000EA11002000000240C41F0020003802401A
:106CA00000640240006002403C200020B8E400087C
:106CB00000E6DF0C00F36F06EC1C002070B52B4BD8
:106CC0002B4A1B7812782B4C2B4D134323702B78B7
:106CD00053B3FFF7EFFA294B1B88C01A80B241F279
:106CE0008733984201D9FDF729FE23782A78134388
:106CF0002370234B1B78002B35D0224B93F90030A7
:106D0000002BB4BF1E2306231F480022511C10F87D
:106D1000015B013BC9B2002D18BF0A4613F0FF0307
:106D2000F4D10AB1FDF70AFE18491248202207F0F3
:106D3000BBF8D0B10F491548202206F0B5FF144B1F
:106D40001B6893B10E4A127842B10E4A92F90020A4
:106D5000002ABFBF2278627007222270BDE870400F
:106D60005B68044818470623CEE770BD094300203E
:106D7000104300207011002008430020144300201D
:106D8000E40D002060430020721100209C4200208E
:106D90009842002008B5034600285AD082280FD117
:106DA000FFF74EFA810754D53920FDF743FDFFF771
:106DB00085FF3920FDF772FDBDE80840FFF77EBF73
:106DC00083280AD1FFF73CFAC20742D55320FDF7CA
:106DD00031FDFFF773FF5320ECE784280AD1FFF75A
:106DE0002FFA430735D54720FDF724FDFFF766FF4F
:106DF0004720DFE7021FD2B2A02ADBD900F1200230
:106E0000D2B2072A07D800F0070301209840C0B289
:106E1000FDF78CFDD0E700F15B02D2B2022A04D864
:106E2000BDE808400020FFF70FBA00F15802D2B2C7
:106E30001A2A04D8BDE808400020FFF71FBA3333F0
:106E4000DBB2122B05D8FDF7EBFFBDE80840FFF7DA
:106E500095BA08BD28B1034B1A7810431870FFF794
:106E60002DBF70470943002008B528B1FDF75EFD2E
:106E7000BDE80840FFF722BF08BD00008318B3F546
:106E8000005F10B40C4605D803490144204610BCED
:106E900006F00ABF10BC7047C820002007B50023C9
:106EA00001220DF107018DF80730FFF7E7FF9DF88C
:106EB000070003B000BD08B52520FFF7EFFF262827
:106EC00001D0002008BDFFF7E9FF0528F9D12720F0
:106ED000FFF7E4FFA0F1280358425841F2E708B554
:106EE0002820FFF7DBFF08BD092838B517D805298A
:106EF00015D80F2A13D8520002EB41124FF0C003ED
:106F000010FB032404F12900FFF7C8FF054604F134
:106F10002A00FFF7C3FF40EA052080B238BD0020F9
:106F2000FCE782B0ADF80410C1F30721052908D8A9
:106F30009DF804200F2A04D8092802D802B0FFF7D0
:106F4000D3BF002002B070477FB5114BADF80400ED
:106F50001D88104B1B881D43ADB2092445FA04F36C
:106F6000DB0705D4013CF9D20026304604B070BDE1
:106F7000BDF80430ADF80C30E6B203993046FFF7A7
:106F8000D0FFFDF7CDFD80B20128EBD0EDE700BFCB
:106F90000E4300200C43002013B502884379ADF85E
:106FA0000420019873B169B1FFF7CEFF0446014692
:106FB0000198FDF7A9FB0199204602B0BDE81040F9
:106FC000FFF7AFBFFDF7CAFB0446F4E71FB5ADF806
:106FD00004000198FFF7B8FFBDF80430ADF80C309D
:106FE0000399FFF79EFF05B05DF804EBFDF798BD30
:106FF00008B503792BB30088FFF7E8FFC3B2C0F3ED
:107000000330062812D094BF0E30063000F00F0077
:10701000012812D8F02B12D004D8E72B8CBF002007
:10702000012008BDF43B58425841FAE7F12B18BF44
:10703000E72B94BF01200020F3E70020F1E70120B7
:10704000EFE71846EDE707B5002302220DF1060130
:10705000ADF80630FFF712FFBDF8060003B000BD23
:10706000436B10B4DA6F10680178042913D1197AD0
:10707000022910D11179048901228A4022420AD1C1
:107080009A6D5C6D944201D11B6D23B910BC52F80E
:10709000043B05F08AB810BC7047000008B54FF4F7
:1070A00000520448002106F0B2FD034B42F20802F0
:1070B0001A6008BDC8200020C8400020074B1B787C
:1070C000023043B1064B93F90030002B03DA1E2245
:1070D000002106F09CBD0622FAE700BFE40D002067
:1070E000604300200F4B104810B500241C70FFF7C0
:1070F000E5FF2046FFF7A8F82046FFF7BFF80B4B47
:107100001C70FFF7DBFD21460948062206F07FFDD3
:10711000084B1C70084B1C70084B1C70BDE81040DD
:10712000FFF72CB909430020701100201043002004
:10713000EF420020EE420020ED420020EC42002011
:1071400038B5302383F311882A4CD4F850010268F3
:107150001378042B37D194F8DC30022B33D101792A
:10716000128901238B4013422DD1D4F82831D4F851
:107170002C519D4227D1D4F8243123B3D4F8403187
:107180000BB3043B5B1B1ED02B60D4F82431D4F826
:107190003411013BC4F82431D4F8303129449942E8
:1071A000C4F8281120D200238D42C4F8403118D1F0
:1071B000D4F82411A9B11D46027E42B901790068B4
:1071C0002A4604F0F2FF002383F3118838BD0269D8
:1071D0000021D21AE81806F01AFDD4F8500103690C
:1071E000ECE755F8043BE7E7D4F83C11C4F8281164
:1071F000D9E700BF900C00202DE9F04F914B924E43
:107200001B7891B08342019045D1904A337812782F
:1072100003F001039B1A18BF01238D4D6A78AB70F0
:1072200073799A4205D00022114610466B70FEF722
:10723000F9FE019A2C2A37D8DFE812F02F00480017
:107240007D00C700120151019F01A301A501A90101
:10725000AB01AF01B101B301B501B701B901BB0188
:10726000BD01BF01C101C501C701C901FF0136024E
:10727000870289028B020C03B7036804FF049F0591
:10728000A405A605B105B405BB05BD05C405C60525
:10729000CD05CF05D6050123BFE7AB7823B100228A
:1072A00011461046FEF7BEFE0020694B1A780132E7
:1072B0001A7040B9674A9B78022111701BB9019B73
:1072C0000BB90323137011B0BDE8F08F2E7862491B
:1072D000DFF888A106EB860306EB43067600F6B2DC
:1072E00006F11600C4B26C2C4FF003020FA8A046A2
:1072F00028BF4FF06C0806F0D7FC0F98FDF782FE10
:107300005FFA80F9C0F3072BC0F30747F3B2984543
:1073100004D86B2C8CBF00200120C6E76B781AF8CC
:1073200006201A4205D03B464A4659463046FEF7EB
:1073300005FB0136EAE72B787778B1788DF83C7059
:1073400003EB830203EB42035B005FFA83FBF278FB
:107350008DF83D100BF116048DF83E20E4B26C2C34
:107360000F98A04628BF4FF06C08FDF74BFE32790E
:107370003A4EC0F307430493BB188DF83C305FFAD4
:1073800080FAC0F307290F98FDF73CFEC3B20293C1
:10739000C0F30743C0F3072703935FFA8BF39845C5
:1073A000B7D916F80B306A7813420BD0D90745BF0E
:1073B000039B029A049B39465CBF52464946584695
:1073C000FEF7BCFA0BF1010BE7E72F78DFF88C80B2
:1073D00096F8029096F803A007EB870307EB4307A4
:1073E0007F00FFB207F11600C4B26C2C234628BF01
:1073F0006C23029333799B080393A8F1D70B029A6D
:10740000FBB29A4285D96B7818F807201A4217D038
:107410001BF81720039973788DF83D90120902FB31
:1074200001338DF83C308DF83EA00F98FDF7EAFD52
:10743000C0F30743C2B2C0F307213846FEF77EFA15
:107440000137DCE7630C002000430020620C0020C1
:10745000640C0020E50D002001430020C0E8000876
:107460002F78DFF88C8396F802A096F8039007EB4C
:10747000870307EB43077F00FFB207F11600C4B292
:107480006C2C234628BF6C23029333799B0803930B
:10749000A8F1D80B029AFBB29A427FF63AAF6B780A
:1074A00018F807201A4218D0039B1BF817208DF8F4
:1074B0003DA012FB03F273788DF83E9003EB52135C
:1074C0008DF83C300F98FDF79DFDC0F30743C2B225
:1074D000C0F307213846FEF731FA0137DAE72F7893
:1074E00096F8039096F801B096F802A007EB870390
:1074F00007EB43077F00FFB2BC4B07F11600C4B295
:1075000018883379DB0858436C2CC0F30720A04659
:1075100028BF4FF06C08FDF703FE0206A0F18003C0
:107520005CBF6FF07F031B1A5B00DBB213FB09F338
:107530001B128DF83CB08DF83DA08DF83E300F98B1
:10754000FDF760FDBB46AA4F5FFA80FAC0F307293A
:10755000C0F307465FFA8BF398457FF6DAAE6B7897
:1075600017F80B201A4205D0334652464946584672
:10757000FEF7E4F90BF1010BECE79E48FEF7CCFABD
:1075800093E69D48FAE79D48FEF758FA8DE69C4839
:10759000FAE79C48FEF7D4F987E69B48FAE79B4850
:1075A000ECE79B48EAE79B48E8E79B48E6E79B480F
:1075B000F0E79B48E8E79B48E6E79B48EAE79B48FB
:1075C000FEF70EFB71E69A48FAE79A48F8E72B783F
:1075D00003EB830203EB42035B00DBB2AA7803F107
:1075E0001600C4B2E2B93379804A10331288FF2BF7
:1075F00028BFFF235343C3F30F230A22B3FBF2F147
:1076000002FB11339BB2002B7FF483AEFDF778FDB4
:107610004FF06C0310FB03F00012FEF795FC78E6C8
:107620006C2C26461D4628BF6C26B542BFF671AEAF
:107630002846FEF789FC0135F7E72B7803EB830238
:1076400003EB42035B00DBB2AA7803F11600C4B27D
:10765000EAB93379654A10331288FF2B28BFFF231C
:107660005343C3F30F230522B3FBF2F202EB820272
:107670009B1A9BB2002B7FF44CAEFDF741FD4FF0FF
:107680006C0310FB03F00012FEF79CFC41E66C2C2F
:1076900026461D4628BF6C26B542BFF63AAE2846A0
:1076A000FEF790FC0135F7E72F78634907EB870376
:1076B00007EB43077F00FFB207F11600C4B26C2C42
:1076C0004FF003020EA8A04628BF4FF06C0806F04A
:1076D000EBFA464B96F8019018883379DB0858434B
:1076E000C0F30720FDF71CFD0606A0F180035CBF78
:1076F0006FF07F031B1A5B0003F0FE0303EB4303F1
:1077000009EB93198DF838900E98394EFDF77AFCF5
:10771000C0F307238DF83C00C0F307408DF83D30DF
:107720008DF83E00FBB298457FF6F3AD6B78F25DC5
:107730001A4208D09DF83E309DF83C209DF83D103F
:107740003846FEF7FBF80137ECE73C4816E73C48C3
:1077500014E728783B4F013000EB800300EB430037
:10776000224BD3F800803B6840009845C4B27FF6B6
:10777000D0ADFDF7C5FC4FF06C0310FB03F0324BAE
:107780006A7803EB20234FEA202993F8383113421B
:107790003FF4BFADFDF7B4FC810757D4FDF7B0FC53
:1077A0000146FDF7ADFCF27840F357037F338DF8C7
:1077B0003C108DF83D308DF83E200F98FDF722FCEF
:1077C000C0F30743C2B2C0F307214846FEF7B6F83C
:1077D00033791033FF2B28BFFF231B094FF4FA72B4
:1077E000B2FBF3F343443B6093E500BFC01F0020AE
:1077F000C0E80008B951000815520008715200088D
:10780000B7520008FD520008415300088553000894
:10781000AD530008E1530008195400086D540008E6
:107820009F540008EB5400081B55000851550008F0
:10783000A1550008F15500080143002059560008E1
:10784000B5560008381E002088E7000800221346BD
:107850001146ACE7A24BDFF8AC92D3F800A0D9F800
:10786000003053453FF620ADAB789E4FB3BB287830
:1078700000EB800300EB43004000C0B200F11604AF
:10788000E4B26C2C00EB4008A346B84428BF4FF08C
:107890006C0BC3B25B4559D36B2C7FF63AAD924962
:1078A00040F24112C81E06F099F9FDF729FC830742
:1078B0005FD5002387F8413187F8423187F843319B
:1078C00033791033FF2B28BFFF231B0940F6B83252
:1078D000B2FBF3F35344C9F800301AE50022114615
:1078E0001046FEF79FFB0024B846A346FDF708FCB0
:1078F00082070BD588F800B088F801B088F802B08C
:1079000001346C2C08F10308F0D1B0E7FDF7F8FB67
:107910008DF83C00FDF7F4FB40F35700F3788DF849
:107920003E307F3004EB44028DF83D00BB180F98C9
:1079300003920293FDF766FB039A029BB854C0F3CF
:107940000722C0F307405A709870D9E7674A6B78EE
:10795000125C1A4209D098F8023098F8002098F882
:1079600001100290FDF7EAFF029808F103080130C8
:107970008FE7FDF7C5FB8DF83C00FDF7C1FB40F339
:107980005700F3788DF83E307F308DF83D000F982A
:10799000FDF738FBC0F3072387F84101C0F3074028
:1079A00087F8423187F843018AE7AB7823B1002298
:1079B00011461046FEF736FB2B78013303EB8302AA
:1079C00003EB42035B00DBB20493454B1B6803935C
:1079D000474B039A1B689A426DD94649DFF82891B4
:1079E000454C03220FA806F05FF90F98FDF70AFB3C
:1079F000C0F30727C0F307468DF839708DF83A6059
:107A00008DF83800C5B2FFB2F6B204F10F0B029444
:107A1000CA464FF00008029A1AF8013B12F8010B0F
:107A20000292002B4AD033462A463946FDF786FF9C
:107A300033462A46394608F101089BF800005FFAF0
:107A400088F8FDF77BFF9AF800300AF8013CB8F19E
:107A5000070F0BF1FF3BDED199F80780E079B8F111
:107A6000000F34D033462A463946FDF767FF3346C8
:107A70002A463946207AFDF761FFFDF741FB10F0F9
:107A8000030F0CBF0123002389F807301B4B103470
:107A9000A34209F10809B8D1194B1B791033FF2B08
:107AA00028BFFF2340F6B8321B09B2FBF3F3039A59
:107AB00013440F4A1360049B6B2B2BE41A461946A0
:107AC0000593FDF73BFF059B1A461946B3E743466E
:107AD00042464146FDF732FF434642464146C9E72A
:107AE000C01F00203C1E00203F1E0020C0E80008F0
:107AF000B41F00200143002088E70008E8E70008E1
:107B000000430020801F0020841F00202C7804EBFD
:107B1000840304EB43046400E4B204F116035FFA47
:107B200083FB5B466C2B28BF6C230393AB784BB174
:107B3000002211461046FEF775FAAC48602200217B
:107B400006F065F82B787BB9A94D2E88FEF7B2FBBD
:107B5000801B80B21828A74B8CBF012200221A700C
:107B600002D9FEF7A7FB28800026B046A24BF318E7
:107B700002939E4B002706EB0309029B13F801AB0F
:107B80000293544547D8039B534544D99A4B9B4A8B
:107B90005344527893F8383108F1010813425FFAE0
:107BA00088F838D099F80050954905F1AA03FF2BC1
:107BB00028BFFF2303EB43038A78C9788DF8392067
:107BC0000233A5F15500DBB2002813FB01F36FF07F
:107BD0005501A8BF091A1B0A8DF838108DF83A30E4
:107BE0000E98FDF70FFAC0F30721C0F307438DF895
:107BF0003C008DF83D108DF83E30C2B2DBB2C9B208
:107C00005046FDF79BFE7B4B1B7823B1013D25EAD7
:107C1000E57589F800500137FFB2102F09F101090D
:107C2000ABD1502E03D1BBF16B0FFFF773BBB8F193
:107C3000150F06F1100699D9F5E7F47804EB440323
:107C40009F109B080393FF23B3FBF4F30293AB78DD
:107C50006C4D5BB1002211461046FEF7E3F9634814
:107C60006022002105F0D3FF00232B70664EDFF861
:107C70007CB13378013333704FF0000A5E4B5344CC
:107C80000493E31BD9464FF0000805932B7848EA8C
:107C90000303DBB2002B37D105F01CFA5B4B984293
:107CA00032DC8BF80040049A4FEA0813D05CFF28BE
:107CB0000ED099F80020039B934234D2D31B7B4310
:107CC000059A93FBF2F32246DBB21946FDF736FE26
:107CD00008F10108B8F1060F09F11009D6D10AF12F
:107CE000010ABAF1100F0BF1010BC7D13378029AD8
:107CF000934204BF002333702B780133DBB21C2B7B
:107D000018D82B70FFF7D0BA99F80030002BCAD0E2
:107D10009C42C8D9327802998A4204BF03F1FF33EA
:107D200089F80030BFE712FB04F20023B2FBF7F240
:107D3000D2B2CAE700232B70354D0523661E3548A5
:107D400029461022052B04D190F800C0644508BFD5
:107D5000067011F801CF013AA44524BF0E700C74CF
:107D600012F0FF0200F10100ECD1013B13F0FF0320
:107D7000A5F11005E3D1FFF797BA2748FDF7A4FF57
:107D8000FFF793BA2548F9E7254B264918780138BB
:107D900020EAE070C0B2FEF723F8FFF786BA214967
:107DA0000020F8E71E4B20491878013820EAE070DF
:107DB000F0E71D49F4E71A4B1C491878013820EA0E
:107DC000E070E7E71949EBE7154B194918780138D6
:107DD00020EAE070DEE71649E2E7114B1549187812
:107DE000013820EAE070D5E71249D9E7F8410020D0
:107DF000BA1F0020B81F002088E70008640C00208C
:107E000000430020BD1F0020BC1F00205455550515
:107E10003742002048420020055700083957000823
:107E2000014100206B570008B3570008255800088F
:107E30009D580008E958000800230375826803690B
:107E40001B6899689142FBD25A68036042601060D7
:107E500058607047F8B5046805460E460027AC42E6
:107E600000D1F8BDE3683343E36023691E420AD0C2
:107E70006068A368C2691343027DC3610A2A04D102
:107E80008269134206D12468E9E70B2AFBD1826993
:107E90009A43F8D18761FFF7CFFFF4E708B53023A5
:107EA00083F311880A7D0023052A06D8DFE802F053
:107EB0000C050503130F8A6913604FF0FF338B61C4
:107EC0000846FFF7B9FF002383F3118808BD8A69CC
:107ED0009368013393604A680B6813605A60ECE75B
:107EE0000368984207D01A680260506000229A61C5
:107EF0001846FFF7A1BF704701F10B032DE9F041D0
:107F000050F8234005460E4644B3302383F31188CE
:107F10000821201DFFF79EFF05EB8603D3F80C8098
:107F2000D8F814301F687FB1226DA36D013222652D
:107F3000226E1344E26DA365934224BFA36EA36532
:107F400004F14400FFF7CCFFA26D636D934207D1AB
:107F5000236D2BB15FB9002383F31188BDE8F08155
:107F600052F8043B3146284604F01FF9F3E7B8F80D
:107F70001030013B3B42EED1E36F1B7E002BEAD178
:107F800005F18002EEE738B504466FF00105206880
:107F9000844200D138BD036823605C608561FFF7CF
:107FA0004BFFF4E710B4C26F034610680178042950
:107FB00014D1197A022911D15179448901228A40B8
:107FC00022420BD1DA691C6AA24201D19C692CB908
:107FD0009B6A10BC043B043204F0D5B810BC704757
:107FE000406BFFF7DFBF133110B550F821402CB3C1
:107FF000302383F3118804216018FFF72BFFE26F11
:108000001368527903EB820304F10C00DB689B696F
:108010005A68E3691A60A2690132A261A26A134434
:10802000626AE361934224BF236BE361FFF758FF69
:108030002046FFF7B7FF002383F3118810BD00002F
:10804000054BD9680875186802681A6053600122E8
:108050000275D860FCF766B96820002038B500F1D9
:108060000C05302383F31188174B4169DC6891B903
:10807000236A44618361256221E08B600B7D7BB1C3
:10808000062B14D10B684A68886913605A60FEF7A2
:108090003CFA8B699968A3688A689342EDD806E038
:1080A0004A680B68136008465A60FFF7C5FE284609
:1080B0002146FEF72AFAA5610620FFF7C1FF00203E
:1080C00080F3118838BD00BF682000202DE9F843F7
:1080D00000EB810681465069F2600D46144618B1E6
:1080E0001422002105F093FDA06918B1142200218B
:1080F00005F08DFDF368D9F890401E6806F0030680
:10810000721E04EB4511022A4FF0000205F1100027
:10811000C1F8102B4FF0010298BFB60402FA00F22A
:1081200098698EBF304E06F1805606F5004600284D
:1081300039D0588A05F15801490130436050D4F8CC
:108140001C180A4304EB4517C4F81C280022C7F882
:1081500010295A694FF0010808FA05F872B31F8A0E
:108160009B8BBA08012B88BF5A43D9F89830D11895
:1081700043EA024305F13F02C9F8981004EB82027A
:10818000294647EA855748356D01536020463743F5
:1081900004F046FD6751D4F81C3843EA0803C4F8DC
:1081A0001C38BDE8F883D1F8000B20F40040C1F87A
:1081B000000BD4F81C1821EA0202C3E705F13F03C3
:1081C00004EB8303094A5A602946204604F028FD3F
:1081D000D7F8003923F40043C7F80039D4F81C3825
:1081E00023EA0803DBE700BF008000100004000260
:1081F00038B50546052900F28D80DFE801F0708B67
:1082000017707003302383F3118843480121FFF76F
:1082100021FE424A002382F8E83082F8203183F3BD
:1082200011880520BDE83840FEF73EB9302383F3BE
:1082300011883A4C3A4A0121FFF748FF394A042194
:108240002846FFF743FF94F8B41004F1440228468F
:10825000FFF73CFF94F8B51004F168022846FFF7D9
:1082600035FF94F8B61021B104F18C022846FFF7CF
:108270002DFF0025D4F804312B48C4F8F430C4F89D
:10828000F030C4F8EC50C4F80851C4F80C51FFF7B2
:108290007AFED4F83831C4F824312448D4F83C317B
:1082A000C4F82C31C4F8283184F8E850C4F840519F
:1082B000C4F84451FFF767FE0121174884F82051A4
:1082C000FFF7C8FD1A48FFF76DFE85F31188194BBB
:1082D0001B7813B10520FEF7E7F80220A2E7084655
:1082E000FEF7E2F8302383F311880C4C0A48022190
:1082F000FFF7B0FD012504F1E00084F8E850FFF736
:1083000042FE04F58C7084F82051FFF73CFE0023F8
:1083100083F3118838BD00BF680D0020900C002049
:108320004CE1000828E10008700D0020A80D002095
:10833000640D00205A4100207047000010B5624CC7
:1083400062492369624843F02F032361236923F0C4
:108350002F0323612369236B43F02F032363236DD2
:1083600043F02F032365236D03F0CFFF59495A488B
:1083700003F0CBFF59495A4803F0C7FF59495A48FF
:1083800003F0C3FF59495A4803F0BFFFD4F8A430A3
:1083900043F03003C4F8A430236843F001032360A2
:1083A00023689807FCD5236803F0FD03236004F0DD
:1083B0000DF804F06BF8D4F8A430C4F8A430A36826
:1083C000A360414B9A6812F00C0FFBD14FF0804232
:1083D0009A601A6822F0867222F480321A6040F2A3
:1083E000C1725A60D3F8A02002F4A042C3F8A020C2
:1083F000D3F8A02042F47022C3F8A0204FF41F024B
:10840000DA60D3F8A42022F03002C3F8A420394A5D
:108410004FF4AB7111601A6C42F080521A64364A04
:10842000032111611A6842F480321A60264B1A68DF
:108430009103FCD5314A5A601A6842F080721A6082
:108440001A689201FCD59A681F4C42F0804242F4AF
:1084500041229A60D3F8A02042F40032C3F8A02051
:10846000D3F8A42042F03002C3F8A4209A6842F066
:1084700002029A60A36803F00C03082BFAD1D4F827
:10848000A43023F03003C4F8A43003F09FFF03F0BE
:10849000FDFFD4F8A43023F48063C4F8A430D4F8EA
:1084A000A4304FF0E02243F48063C4F8A430136991
:1084B00043F004031361636C43F480436364636EAD
:1084C00043F48043636610BD0038024088E0000832
:1084D00000000240A8E0000800040240C8E00008D4
:1084E00000080240E8E00008000C024008E1000833
:1084F00000140240003C0240007000400112424063
:108500007047FEE7114AF0B508200026516813684D
:108510009468043B0D46AC4210D8E31C5B1ACD1E98
:1085200023F00303AC4238BF00230B44D1689942C7
:1085300009D8013802F11002E8D1F0BD53F8047FE8
:1085400045F8047BE7E743F8046BF0E708E0000830
:10855000034A516853685B1A9842FBD8704700BFC2
:10856000001000E070B5302383F31188314D324B99
:108570006B602422002105F10C0005F048FB2B78EC
:10858000012B50D12D4BD5F890401A6B42F0005280
:108590001A631A6D42F000521A651A6D1A6942F098
:1085A00000521A611A6922F000521A611B69244BA9
:1085B000E02283F84D234FF40052C3F888219A60DB
:1085C000204BE3604FF00873C4F800380023C4F870
:1085D000003EC02323604FF40413A3632369002BE0
:1085E000FCDA012323610C20FFF7B2FF2369DB07CC
:1085F000FCD41220FFF7ACFF2369002BFCDA002625
:108600000C48A66004F03AF90F4BC4F81068C4F89F
:108610001468C4F81C68A3614FF0FF336361A3685A
:1086200043F00103A36002232B70002383F311881E
:1086300070BD00BF5C41002078E7000800380240B0
:1086400000E100E000270040083C30C010B503689E
:108650009C68A2420CD85C688A600B604C60216008
:1086600059609968891A99604FF0FF33836010BD93
:108670001B68121BECE70000022910B538BF02216D
:1086800002234FF0804442186263626A101A8142EA
:1086900003D8591C0B461046F5E7022B81BF034A4D
:1086A000D36A43F00103D36210BD00BF68200020ED
:1086B000184A1369984210B40ED003684168846860
:1086C0000B605960996821449960002303604FF062
:1086D000FF33936110BC70471346016843F8101FC5
:1086E00000244B6004601169994203D14FF080432C
:1086F000DC60EFE78B68806803448B604FF080415B
:10870000486AD169421A9342E4D9091A10BC194443
:10871000FFF7B2BF6820002070B5134D05F11003BC
:10872000E96143602B698260022A036038BF02223C
:10873000586028614FF080408B1843630023036129
:108740000223C360446A661A964205D35A1C114438
:10875000416313462146F5E7022B82BFEB6A43F0E3
:108760000103EB6270BD00BF68200020F8B5114F17
:108770003C464FF0804354F8106F5B6AA6420546B2
:108780000A4604D11946BDE8F840FFF7C5BFFC69A9
:10879000B2681C1B0C1928BF0C46A24202D918460D
:1087A000FFF76AFF224629460348BDE8F840FFF775
:1087B0004DBF00BF682000207820002070B5094C14
:1087C000236805460E4613B12046FFF771FF064B9E
:1087D000E36000232661636129460248BDE87040DA
:1087E000FFF7C4BF2C4100208589000870B590F8C0
:1087F000803003F07F02212A04467AD113F0800FE3
:1088000090F881202ED0022A2AD0032A1CD0012AD7
:108810006FD190F884204AB1022A90F882200CD0BF
:108820004D4B63671A7094F886300BE04B4B4367EF
:108830000823A367E267012070BD022AF0D1484BEC
:10884000436706230022F4E790F88420002A50D1E1
:1088500090F88520002A4CD1424B63670123F1E751
:10886000414BFAE70A2A39D00B2A0BD0092A63D1E7
:1088700090F8842012F0FD0F5ED13C4B43673C4AD8
:108880000223D6E790F884302BBB90F8853013BBD9
:1088900090F882509D4208BF1A46324B18BF012201
:1088A0001A7018D1304B1A78AAB1302282F311888D
:1088B00030491E78AC4640F2E730E6FB010C4FF43D
:1088C0007A7200236146FBF79BFD21468000FFF78B
:1088D00075FF85F3118800236367B3E72649224BB0
:1088E000097890F883201A70C1F3C0150906F2D4F4
:1088F000DAE7812B20D194F88120062A1CD194F844
:108900008520616894F884304D6894F8831043EAB8
:108910000223204694F88220A847D8B143686367B1
:1089200003688FE7222B15D1002363671A4680E77F
:10893000124B6367072385E7114A92F8B6204AB1C4
:1089400003F06003202B05D194F88130212BE9D866
:108950001F2BEDD800206FE791110020B7110020E8
:10896000B1110020E40D002090110020D81100204A
:10897000D1640008A086010060430020000C0020A4
:10898000900C002038B50C46302383F311880B7807
:10899000042B03D0002383F3118838BD134B1B78BD
:1089A0001A06F7D4124D2B78002BF3D0114B1B78FD
:1089B000002BEFD00B899B0705D40F4A0823012118
:1089C000204603F0F2FB2D780C4940F2E7304FF0DF
:1089D000000CE5FB010C4FF47A7200236146FBF7B3
:1089E0000FFD21468000FFF7E9FED3E7604300203A
:1089F00090110020E40D0020B7110020A086010096
:108A000030B50E4BDC684B1C87B0054612D00C4BC2
:108A100003936846002305930494FFF7A7FE2846B6
:108A2000FFF70EFB009B13B16846FFF741FEA069FC
:108A300007B030BDFFF704FBF9E700BF6820002056
:108A40009D7E000870B5302304460D46164683F31C
:108A5000118812490B78042B03D0002383F311886B
:108A600070BD0B890120A04018420FD001EB84019A
:108A70000B4ACB68D068596941F80C0F81614FF4FB
:108A80007A710320FFF7BCFF0130E6D0034833467C
:108A90002A46214603F089FBDFE700BF5C41002046
:108AA0006820002010B50D4B1B78044653B90146D1
:108AB00008220120FFF7C6FF20222146084805F0C2
:108AC000F3F810BD074B93F90030002BA7BF082225
:108AD0000120202204202146ECE700BFE40D002005
:108AE000B71100206043002010B50146044606225D
:108AF0000420FFF7A7FF06222146024805F0D4F81C
:108B000010BD00BFB1110020014603220420FFF771
:108B100099BF08B50146302383F311880820FFF779
:108B20006FFF002383F3118808BD000010B50446D1
:108B3000002800F09180822814D1FDF781FB810785
:108B400000F18A803920FBF775FEFEF7B7F84FF485
:108B5000FA50FFF7DEFF3920FBF7A0FEBDE810401A
:108B6000FEF7ACB883280ED1FDF76AFBC20773D4B9
:108B70005320FBF75FFEFEF7A1F842F21070FFF7FB
:108B8000C8FF5320E8E784280ED1FDF759FB4307BF
:108B900062D44720FBF74EFEFEF790F842F21070C9
:108BA000FFF7B7FF4720D7E7031FDBB2A02B24D87E
:108BB0002A4B1B7863B92A4A002312F8011FA142ED
:108BC00015D00133062BF8D12046FBF733FEC5E75D
:108BD000244B93F90030002BEDDA234B03EBD00349
:108BE00000F007019A7801238B401A42ECD020460E
:108BF000FBF754FEFEF762F8E6E700F12003DBB274
:108C0000072B08D8194A00F0070411780123A34064
:108C10000B431370A2E700F15B03DBB2022B05D814
:108C20002438BDE8104080B2FDF70EBB00F15803B8
:108C3000DBB21A2B06D80E4ABDE8104032F81300FA
:108C4000FDF71CBB3334E4B2122C05D8FCF796F8C0
:108C5000BDE81040FDF792BB10BD00BFE40D002041
:108C60007111002060430020701100200943002092
:108C70002CE9000838B53928054614BF00245024D3
:108C8000FFF754FF24B92846BDE83840FEF782B804
:108C90006420013CFFF73DFFA4B2F3E72DE9F0416A
:108CA0001F460C46244B164668B11970FDF702FBAF
:108CB000224B04F0070418800120A040C0B2BDE898
:108CC000F041FEF7C7B81D788D422DD11B4BB3F88C
:108CD0000080FDF7EFFAA0EB080080B2C72823D888
:108CE00006F12004B542E4B210D005F007000125DA
:108CF00005FA00F0C0B2FEF7B7F8072C06D806F068
:108D0000070305FA03F0C0B2FEF7A4F83846FFF7F0
:108D1000B1FF072C0DD806F007060120B040BDE8D2
:108D2000F041C0B2FEF7A0B804F007040120A04053
:108D3000F5E7BDE8F08100BFFC420020E81100200B
:108D40002DE9F7431C4F002401253B68A34203D8BB
:108D5000284603B0BDE8F083184E194B30681968F7
:108D6000036821445B699847D6F800808146D8F8AB
:108D7000003001A99B6940469847012809D049EA7B
:108D80000000C0B201288CBF002505F001050134A8
:108D9000DBE701980B4940F2E73C4FF0000EE0FBA7
:108DA00001CE4FF47A72002371466046FBF728FB30
:108DB000FFF7AFFEDBE700BF740C0020F04000209F
:108DC000780C0020A08601002DE9F347FFF7B8FFDB
:108DD000002864D0FCF7B0F8324E054600243188F4
:108DE0002046FCF7E3F8002857D00234B4F5005FC2
:108DF00006F10206F3D1DFF8ACC02B4ADFF8B0E091
:108E000042F201010020122601391CD1CDE9002EC9
:108E10006E4642F2080731882046FCF7C7F820B1B9
:108E20000234BC4206F10206F5D14000C4B2012D65
:108E300001D1FCF7A1F81D4B42F208021A6020464E
:108E400002B0BDE8F0871CF8013B5A40A2FB06388F
:108E50004FEA421A4FEA4E1949EAD26913EB0A0364
:108E600006FB0E8848EB09084FEAC21A9B184FEA26
:108E7000CE194FEA02274EEB080849EA526913EB74
:108E80000A034FEA0E2E48EB09084EEA126EDB1970
:108E900048EB0E0EBE44C218B6E70446C7E70446C8
:108EA000CDE700BFC820002025232284C840002031
:108EB000E49CF2CB044B1B68B3F5804F01D3FFF762
:108EC00083BF0120704700BFC840002010B5074C89
:108ED00001462068FCF76AF830B12368023323604A
:108EE000BDE81040FFF7E6BF10BD00BFC84000203E
:108EF0008318B3F5005F2DE9F34D04460E46154681
:108F000000F28B80464F07443946304604F0CCFFD0
:108F1000002800F082802A463146384604F0C4FE1C
:108F2000FCF70AF84FF0000A80464FF0000B012DC5
:108F30002CD0E3072AD4B4F5804F37D23378727837
:108F400043EA0223012B21D8002B0CBF6FF07F03D3
:108F50006FF05F0343EA5423002063F307006308C4
:108F600063F30F2080B2FFF7B1FF012806D1023D65
:108F700002340236002DDAD1FFF79CFFB8F1010F61
:108F80004BD102B0BDE8F04DFBF7F6BF3F2C0DD83A
:108F9000307844F04003DBB243EA0020FFF796FF4D
:108FA0000128EBD1013D01340136E3E7052D2F46C1
:108FB000C4F3024328BF052743EAC703CDE900AB4A
:108FC0003A468DF800303146230A0DF103008DF842
:108FD00001308DF8024004F067FEBDF80000FFF795
:108FE00075FF0128CAD1BDF80200FFF76FFF012805
:108FF000C4D1012D0DD0BDF80400FFF767FF012893
:10900000BCD1032D05D9BDF80600FFF75FFF01288D
:10901000B4D1ED1B3C443E44ACE702B0BDE8F08D5A
:10902000C820002013B50822044669461820FDF721
:1090300025FF08226946204604F036FF38B1082291
:109040002146182002B0BDE81040FFF751BF02B022
:1090500010BD000008B50348FFF7E4FF024B0022F3
:109060001A7008BD004300200041002010B5084CD4
:10907000084920461B2300F8013B032204F014FE9C
:109080004FF67F73A380BDE81040FFF7E3BF00BF3A
:1090900000430020C8DE00082DE9F0475C4CD4F8FE
:1090A0000080FDF707F98146A0EB0806FDF702F9FD
:1090B0002060584C08F57F4394F800C00021FF332E
:1090C000074665460846A3EB090ECBB29C4512D86D
:1090D00000B12570504B1B7813BB504B1B7813F01D
:1090E000010400D05C084E4D2B78032B26D8DFE816
:1090F00003F019277C8101F10C0204EB42020131DB
:10910000537892F8028043EA08239E4523BF9B19B7
:1091100053701B0A05F1FF3534BF01209370D4E76B
:109120000024E0E73F4B3B493F4800221A703F4B89
:1091300029221F6004F0B8FD01232B70BDE8F087E1
:109140002046FEF759F8002CF8D0364B1B78052B3B
:10915000F4D1FDF775F8830705D5FF231A461946A4
:109160001720FCF7EBFB324B5C78002CE6D1234652
:10917000224621462420FCF7E1FB234622462146D5
:109180002520FCF7DBFB2346224621462620FCF760
:10919000D5FB2346224621462720FCF7CFFB23465A
:1091A000224621462820FCF7C9FB234622462146B9
:1091B0002920FCF7C3FB2346224621462A20FCF740
:1091C000BDFB2346224621462B20FCF7B7FB234656
:1091D000224621462C20FCF7B1FB2346224621469D
:1091E0002D20BDE8F047FCF7A9BB2046BDE8F047BD
:1091F000FCF71ABF0F4B1B780BB1FFF72BFF0B4B84
:109200001C68FDF757F8001B0F2897D9002394E737
:10921000341E0020584200205B4100200043002003
:10922000E50D0020640C002001410020C01F00203B
:10923000F84200200041002037B50C460546FDF7F6
:109240002DFEA04207D001220DF1070128468DF81E
:109250000740FFF74DFE03B030BD10B5041E0CBF34
:10926000FF2126212520FFF7E7FF002C0CBFFF215F
:1092700005212620FFF7E0FF002C08BFFF21BDE8F5
:10928000104018BF28212720FFF7D6BF092838B57E
:109290001D4616D8052914D80F2A12D8520002EB01
:1092A00041124FF0C00310FB0324290A04F12900E6
:1092B000FFF7C2FFE9B204F12A00BDE83840FFF72A
:1092C000BBBF38BD2DE9F047DFF848800024474692
:1092D00000265FFA84F912E0032CD8BF37F8153066
:1092E000EAB2C8BF0123514648460135FFF7CEFF19
:1092F000102DF1D10136062E07F1200703D00025ED
:109300005FFA86FAE8E701340A2C08F1C008DED1DA
:10931000BDE8F087B8E1000810B540F2A974204616
:1093200000210134FFF788FFB4F5005FF7D110BDCD
:1093300008B50020FFF791FF28200021FFF77CFFF0
:10934000FFF7C0FFFFF7E8FFBDE808400120FFF787
:1093500084BF37B50C460546FDF775FEA04207D021
:1093600002220DF106012846ADF80640FFF7C0FDC8
:1093700003B030BD094A08B55378C3F38001814278
:109380000BD060F38203537004201188FFF7E1FFD4
:10939000BDE808400220FBF7ADBA08BD60430020DD
:1093A00037B5042200230C460DEB0201019305465C
:1093B000FDF764FD019B9C4206D004220DEB0201E7
:1093C00028460194FFF794FD03B030BD10B5FBF7BC
:1093D000B3FD0446FFF7B4FCFDF760FE012C03D19A
:1093E000BDE81040FBF7C8BD10BD000013B5FFF786
:1093F000EDFF4FF6FD710020FFF7ABFF00210220CB
:10940000FFF71AFF00210320FFF716FF204B00246F
:109410004FF4A05104201C80FFF79BFF214606203B
:10942000FFF70AFFFF210720FFF706FF214608206C
:10943000FFF7B6FF21462420FFF7FEFE2146172046
:10944000FFF7FAFE21460C20FFF7F6FE21460D201D
:10945000FFF7F2FE002200236846CDE90023FFF764
:10946000E1FD21462020FFF79BFF2046FFF7F5FE98
:10947000FFF75EFF21460F20FFF792FF054B40F2FA
:10948000011113201960FFF78BFF02B010BD00BF60
:109490000C430020F84200202DE9F04F037987B0FB
:1094A0000446002B00F0BC850121FDF775FD6579B0
:1094B0000346002D00F09885A0F5EE4292B27F2A77
:1094C00000F28185C5B20F2D6AD841F6FF70FDF715
:1094D000E5FC002864D140F2A976002D39D10DF1C8
:1094E0001009DFF868B30495C9F804503046FDF759
:1094F000D5FC00278DF810008DF8117000284FD092
:10950000012806F1010515D12846FDF7C7FC8DF8A5
:109510001100002844D0431EDBB2022B06F10205E5
:1095200026D82846FDF7BAFC8DF81200C0B3F51C0A
:109530008DF81370CA469AF80020BAB1012A70D18A
:109540009AF80120013A032A3ED8DFE802F04249A6
:109550004E53B6F5005F23D03046FDF79FFC08B1AF
:109560000136F6E76B1EDDB20136B6E72E46BDE7E3
:109570000428DFD102262846FDF790FC09F80600F2
:1095800070B17C2805F1010507D106F118030DEB38
:109590000306002306F8073CCCE70136072EEAD184
:1095A000A24B1B785D0700F03B856379002B00F030
:1095B00037859F4B5B785C0740F13285022007B00E
:1095C000BDE8F04FFBF796B90AF1010A0AF1010A6A
:1095D000B1E79AF80200FFF74DFB0AF1020AF5E73E
:1095E0009AF80200FFF7A2FAF7E79AF80200FDF7EF
:1095F000D1FBF2E78F489AF8022000260AF1020A0E
:109600000A27815C4B0706D4002EDFD06420013E80
:10961000FFF77FFAF8E7303A07FB06261AF8012F22
:10962000EFE7854B85489B5C0193D108844B1BF881
:1096300001605F5C10F8018002F0070216411741DB
:1096400048FA02F816F0010607F0010708F00108D1
:1096500006D07C490A7842F002020A70FDF72EFB20
:1096600037B178490A7842F040020A70FDF726FBCC
:109670000198FFF7FFFA27B14020FBF757F9FDF7F4
:109680001DFB26B10220FBF751F9FDF717FBB8F1DE
:10969000000F9BD02C20FFF7EDFA97E7012200F096
:1096A0009CBCE122262311462846FFF7F7FA77E70C
:1096B0002723E522E521F7E72623E122E021F3E74E
:1096C0002723E522E421EFE72623E122E221EBE74D
:1096D0002723E522E621E7E728230122EAE7002DF8
:1096E00000F06384584A0021A3F5E0461170B2B23D
:1096F000222A00F243840420FDF7A5FC4C4D013ED4
:109700002880212E12D8DFE806F04FCD5721255BA7
:10971000295F6B35C5396F3D73AC4177B4477D85A3
:109720002D6331674B81A3BEC31C53D52B7843F007
:1097300001032B7029880420FFF70BFEFDF7D2FCF4
:109740002EE76B7843F008036B70F3E72B7843F058
:109750000203EEE72B7843F00403EAE72B7843F0AB
:109760000803E6E76B7843F00103EDE76B7843F01D
:109770000203E9E72B7843F01003DAE72B7843F094
:109780002003D6E72B7843F04003D2E7FDF7AAFC8D
:109790002B7843F08003CCE72B7843F00C03C8E729
:1097A0006B7843F00303CFE72B7823F00103C0E786
:1097B0006B7823F00803C7E72B7823F00203B8E7A0
:1097C0002B7823F00403B4E72B7823F00803B0E7E9
:1097D0006B7823F00103B7E76B7823F00203B3E75C
:1097E0002B7823F01003A4E72B7823F02003A0E7C5
:1097F0002B7823F040039CE7FDF774FC2B7823F0D3
:10980000800396E72B7823F00C0392E76B7823F024
:10981000030399E72B78C3F3800282F00102D2B2EE
:1098200062F3820362F3C30383E700BF11430020A6
:10983000604300206BEB000882E9000862E9000841
:1098400062E9000809430020FC42002072E9000898
:109850006B78DA4302F0010262F3000362F3410322
:1098600072E72B78C3F3801282F0010262F3861351
:109870005FE7FDF737FC2B78C3F3C01282F00102DB
:1098800062F3C71355E701210E20FFF7D5FC51E71E
:109890000021F9E72B78C3F3001282F0010262F392
:1098A000041346E72B78C3F3000282F0010262F34F
:1098B00000033EE76B78C3F3C00282F0010262F35B
:1098C000C30341E747F6774293427FD10120FAF77D
:1098D00007FF03220221FAF767FF61E6974A127831
:1098E00002F02200A3F5F042203A142A6AD801A11E
:1098F00051F822F049990008699900087399000805
:10990000799900087F990008859900088B990008CB
:1099100091990008979900089D990008A39900085B
:10992000A9990008B3990008B9990008BF990008DF
:10993000A1950008A1950008A1950008A19500082F
:10994000A1950008A19500087D490B78C3F300029A
:1099500082F0010262F300030B707A4B00220120B7
:109960001A70FBF7E3FF1BE6774A7849FCF75CFCCB
:1099700016E6764A7449F9E7754A7649F6E7754A74
:109980007349F3E7744A7549F0E7744A7249EDE7A1
:10999000734A7449EAE7734A7149E7E7724A7349BF
:1099A000E4E7724A7049E1E701210846FCF754FBFD
:1099B000F6E501210520F9E701210D20F6E7012157
:1099C0001220F3E747F67742934274D047F6784285
:1099D000934274D095B147F65A42934200F0A28068
:1099E00076D847F60142934200F0958047F603424D
:1099F000934200F08980B3F5F84F7AD022886379DA
:109A0000ADF80C200398002B00F09080FDF79CFA35
:109A1000054601460398FAF777FEBDF80C30ADF81D
:109A200010300499DFF854812846FDF77AFAFBF7E5
:109A300077F898F8007094F806B0667917F0070781
:109A40000546CBF3031B22D0374606B3C5F30723E5
:109A500003F0F002402A0BD005F12002D2B2072A0F
:109A600068D9BBF1000F03D103F0E003202B63D0D2
:109A70003F4B5F7817F0040709D00220FAF73AFF4E
:109A800098F8003013F0070F0CBF01270027C5F32B
:109A90000339B9F10B0F00F29180DFE819F0710082
:109AA0007100C900C90053016B018F008F0075015F
:109AB000E701F701F7010120FAF71CFE04E002209C
:109AC000002DF9D0FAF70CFE03220221012002E753
:109AD00047F65B42934227D047F65C4293428DD1D2
:109AE000234B587880F00400C0F38000FFF742FC5D
:109AF00084E7FDF7F7FA46F2A810FFF70AF81D4BC6
:109B00001D4A1A60FCF760FCFFF760FC4FF6FF711E
:109B10000020FFF71EFCFDF7E5FA46F2A810FEF75D
:109B2000F8FFEFE70120E1E70020DFE7FAF716FE94
:109B3000054672E70027AAE75F46A8E70943002029
:109B400000430020E50D0020B56000089960000882
:109B500011610008FD6000084561000829610008E6
:109B60007D61000861610008B16100089961000829
:109B700060430020FC7F0120EF6916F011430020B4
:109B8000C5F3032AC5F307224FEA0A130F2A88BF39
:109B90009A46EDB2A6B3BAF1000F0CD005F120033E
:109BA000DBB2072B00D94DBBA84A13784AEA03035E
:109BB0001370FDF783F82846FEF7B8FFA9F10809EE
:109BC000B9F1030F01D8FCF733FB87B198F8000017
:109BD00010F001030BD16371C008FAF781FD204634
:109BE000FFF75AFC98F80000C008FAF783FD00213F
:109BF000204607B0BDE8F04FFDF7CEB9944AD4E750
:109C00002846FDF7C7F8BAF1000FD7D005F12003B9
:109C1000DBB2072B00D91DB95046FAF787FE04E0E6
:109C20008B4A137823EA0A031370FDF747F8C5E758
:109C3000C5F3032AC5F3072303F0F0034FEA0A1222
:109C4000EDB2202B18BF92463DB1012D5ED0002E03
:109C50006AD0BBF1000F15D0ADE77E4B5B7858079B
:109C60000CD43EB1BAF1000FA8D0784A13784AEA72
:109C70000303D9E7BAF1000FA0D0CDE74EB3BBF193
:109C8000000F03D15046FDF7E5F897E7BBF1010F50
:109C90000CD1714E35783AEA05038FD0FCF70AFBF8
:109CA0006E4B4AEA05051880357087E7BBF1050F52
:109CB00084D15046FDF7CEF85046FCF74DFB684A7C
:109CC00013783AEA03013FF479AF4AEA03031370C9
:109CD00074E7BBF1000F0ED15046FDF7C5F85046B2
:109CE000FCF73AFB5E4A13781AEA030F3FF466AFBB
:109CF00023EA0A03EBE7BBF1010F7FF45FAF534B9D
:109D00001B781AEA030F3FF459AFE5E726B1BBF120
:109D1000050F3FF653AFB5E7BBF1040F3FF64EAF6B
:109D20005046FDF7A1F849E7BBF1000FF8D0392DF7
:109D30000CBF4FF4FA500120FEF7EBFE2846FDF76A
:109D400029F83BE715F4406FC5F3812308D0012BB8
:109D50007FF434AF66B1C5F30900FCF78FFA2DE745
:109D600026B1C5F30900FCF76FFA27E73046FAE79A
:109D70003046F2E7E8B226B1FBF700F8FCF7FEFA4E
:109D80001CE7FBF74DF8F9E715F4407F2AD1002EC8
:109D90007FF414AFC5F34212E9064FEA8202D2B251
:109DA00044BF0F26964005F00F03C5F3812548BF39
:109DB000F643022D03FA02F32A4A0DD0032D0FD0E9
:109DC000012D04D0118833430B401380F6E611882F
:109DD0000B431E431680F1E6334311884B40F4E7F2
:109DE0003343F2E7C5F3012206B3D2077FF5E6AEAF
:109DF000C5F3421115F010024FEA8101C9B21CBF30
:109E00000F228A4005F00F03C5F3812518BFD24306
:109E1000022D03FA01F3144911D0032D13D0012DA3
:109E200008D013430A8813400B80C7E6012A7FF647
:109E3000C5AEDDE7088803431A430A80BEE6134334
:109E40000A885340F0E71343EEE700BF09430020C0
:109E500010430020604300200843002014430020EA
:109E60000A4300200C4300200E4300205FFA85FACD
:109E7000C5F303251EB12846FAF732FC02E7504627
:109E8000FCF7F2FF2846FAF735FC97E65FFA85FA09
:109E9000AAF1F003042B58D8DFE803F003261118C9
:109EA00022004EB1BBF1040F3FF688AEC5F3042586
:109EB00001235D4AAB4090E7BBF1050FF4E7C5F322
:109EC0000420002EDFD1FAF70BFC77E6564A002E6D
:109ED00080D0C5F30425012303FA05F515806DE64E
:109EE000524B5B785B0704D4C5F30420002ECAD024
:109EF000E9E7DEB198F8003003F00703042B0AD13C
:109F00004B4A0023C5F3042088F800301380FAF789
:109F1000F1FB002757E6BBF1040FFAD8C5F3042084
:109F2000FAF7DEFB0321FCF7FDF9F2E7BBF1040FC2
:109F300007D93F4B88F800601E800421C5F3042038
:109F4000F1E70120FAF7D6FCE3E73EB1BBF1000FE1
:109F500001D0504630E6C5F30420B4E7BBF1000F52
:109F600009D0BAF1390F0CBF4FF4FA500120FEF7B7
:109F7000D0FD5046E3E6C5F3042084E747F61642D9
:109F800093427FF49FAC2B4B1B7803F0AA03002B6A
:109F9000294B13BF01220022292035201A70FAF71D
:109FA00049FCFCF78BFEFFF7FBBA47F616429342DB
:109FB0007FF494AC204B1B78002B0CBF292035205C
:109FC000FAF76CFCEDE747F60B62904211D11B4BA0
:109FD0005A78002A3FF462AB00225A7019681320A5
:109FE000FFF7DEF9FFF7DCBA47F60B6290423FF469
:109FF000D7AAA3F5F842183A062A3FF670AB01A19A
:10A0000051F822F0B9960008C1960008A3960008FE
:10A01000B1960008C9960008D1960008D9960008A4
:10A0200007B0BDE8F08F00BF0E4300206043002062
:10A030001243002009430020FD420020F842002086
:10A040001C49F8B58B790F2B0AD84B7943B11A4BC1
:10A050001A4A1B7815784E780F78194CAB4200D10C
:10A06000F8BD04EBC300027902B34278B2421DD1BD
:10A0700014F83320BA4219D14279BAB94288B1F8FA
:10A0800002C0A2EB0C0292B2C72A0FD88B79012230
:10A0900062F307138B71837962F3071383710548A9
:10A0A000FFF7FAF9BDE8F840FAF7B4BB013303F063
:10A0B0000703D3E75843002017430020164300202E
:10A0C000184300202DE9F04F8B4C85B00546014622
:10A0D0000622684603F0E8FD94F804A06F7995F82D
:10A0E0000490BAF1000F1AD1B9F1000F15D0002F6A
:10A0F00000F0FE802846FCF77BFF002800F0F88087
:10A1000008222946204603F0CFFDB9F1010F02D104
:10A110002088FCF75BFFFFF793FF012444E0B5F8CC
:10A1200002B06388667995F80080ABEB03039BB2BD
:10A13000002E00F0AE80C72B00F28880B9F1000F2E
:10A14000EBD0A379627869780F2B50D891420FD168
:10A15000227842450CD1002F44D1012262F307132B
:10A160002046A371FFF798F9A379AB7100241BE097
:10A17000002F37D13A464046FAF72AFB4046FAF715
:10A1800027FB04460028F1D10098FCF71FFFC0F31D
:10A190000332032AC3B20BD8012A13D910F4706F0B
:10A1A00015D0AA790F2A12D8204605B0BDE8F08F45
:10A1B000063202F00F02012A0ED92846FFF76CF989
:10A1C0003446F1E710F4706F01D0002BECD020334F
:10A1D000DBB2072BE8D9F0E7EF2BE5D90F33DBB281
:10A1E000022BF7E7A37943F00103A371BEE7914285
:10A1F0000DD1227842450AD14FB92846AB71FFF7FD
:10A200004BF908222946204603F04EFD85E72846F3
:10A21000FCF7EEFE00286BD0002F69D0A3791F2B2E
:10A220000ED92288ADF8082002A80022ADF80AB0A5
:10A230008DF80CA08DF80D208DF80E30FFF72CF95D
:10A24000082229462C4803F02FFD64E7A3790F2B41
:10A2500008D82046FFF720F908220021204603F005
:10A26000D6FC83E7B9F1000F3FF457AF61786A7805
:10A270009142CCD122784245C9D1002FC7D128467E
:10A28000AB71FFF709F908223946204603F0BFFCFD
:10A2900043E7C72BE0D8B9F1000F3FF43EAF3FB31F
:10A2A00062786B789A421AD12378434517D1A37903
:10A2B000DA0710D40F2B0ED9AB7103F0F003F02B9B
:10A2C00006D0AB79C3F30312013262F30713AB710B
:10A2D0002846FFF7E1F808480822294694E728466F
:10A2E000FCF786FE0028ABD1A37943F00103A371EC
:10A2F0002846FFF7D1F810E758430020F0B589B0A1
:10A30000CDE900019DF8054000220CB13C490A70DE
:10A310003C4BADF80E20DDE900015B789DF8045060
:10A3200002905A07ADF80C101CD5FBF7C3FF364B53
:10A330001B88C01A80B241F28733984206D9334B4A
:10A340001B785B0702D40220FAF7D4FAFBF7B2FFBE
:10A350002F4B1B88C01A80B241F28733984201D933
:10A36000FAF7ECFA3DB1012102A88DF80C508DF8F6
:10A370000D40FCF711FE8DF80D408DF80C50DDE915
:10A380000201CDE9040104A8FFF79CFE214E224CF6
:10A39000074640B9DDE90401CDE906019DF8141036
:10A3A0003378227831B91D4D2078337883421BD120
:10A3B00009B0F0BD5D1C05F00705954209D1FCF719
:10A3C00091FE0822394616483770277003F01FFCAB
:10A3D000E9E71248082206A900EBC30003F064FC79
:10A3E0003570FAF717FADEE705EBC000FFF76AFEF3
:10A3F0000028DDD02378013303F007032370D3E76F
:10A40000104300206043002012430020114300202D
:10A410001443002016430020174300201843002057
:10A420005843002073B5FBF745FF0A4D2B8884B2D3
:10A43000A3420DD00026ADF80060FBF73BFFADF85E
:10A440000460ADF80200DDE90001FFF757FF2C8042
:10A4500002B070BD9442002070B5114E04460D4606
:10A46000E3683BB123691A1DA262E2691344E36207
:10A4700000200EE0237A6BB97DB1F36862681C603E
:10A480005A602946136004206360FEF7B9FA002879
:10A49000E6DA70BD6FF00100FBE74FF0FF30F8E740
:10A4A0006820002070B5302304460E4683F31188DF
:10A4B000856A35B91146FFF7CFFF10B185F31188D2
:10A4C00070BDA36A1E70A36AE26A01339342A3625D
:10A4D00004D3E16920460439FCF738F8002080F302
:10A4E0001188EDE74FF0FF324430FFF7DBBF443017
:10A4F000FFF7D8BF2DE9F84F04460F4691469B461B
:10A500004FF0300888F311880026B246A56A4DB98D
:10A5100059462046FFF7A0FF20B185F31188304649
:10A52000BDE8F88FA06AE56AA9EB06032D1A9D42E3
:10A5300028BF1D46402D17D93946402203F0B4FBF1
:10A54000A36A403740334036E26AA3629A4204D895
:10A55000E16920460439FBF7F9FF8AF311884E457B
:10A56000DDD288F31188D1E739462A4603F09CFBF7
:10A57000A36A2F442B442E44E6E74FF0FF334430C8
:10A58000FFF7B8BF4430FFF7B5BF000070B5114EFC
:10A5900004460D46E3683BB16269131D1268A3626D
:10A5A0001344E36200200EE0237A6BB97DB1F368B7
:10A5B00062681C605A602946136004206360FEF7DD
:10A5C0001FFA0028E6DA70BD6FF00100FBE74FF0DC
:10A5D000FF30F8E76820002070B53023054683F38C
:10A5E0001188866A3EB9FFF7D1FF044618B186F399
:10A5F0001188204670BDAB6AEA6A13F8014BAB6262
:10A60000934202D32846FBF78FFF002383F3118880
:10A61000EFE74FF0FF310C30FFF7DEBF0C30FFF7F4
:10A62000DBBF2DE9F84F04460F4691469B464FF09D
:10A63000300888F311880026B246A56A4DB95946FC
:10A640002046FFF7A3FF20B185F311883046BDE80F
:10A65000F88FA16AE56AA9EB06036D1A9D4228BF2F
:10A660001D46402D15D93846402203F01DFBA36A34
:10A67000403740334036E26AA3629A4202D820460D
:10A68000FBF752FF8AF311884E45DFD288F3118819
:10A69000D3E738462A4603F007FBA36A2F442B442E
:10A6A0002E44E8E74FF0FF330C30FFF7BABF0C3011
:10A6B000FFF7B7BF0C4B1868D968026810B4536035
:10A6C0001A6001220275D86000230B758A680B6935
:10A6D0001B689C689442FBD85A680B604A6010BCA7
:10A6E00011605960F9F71EBE68200020044B1A68FB
:10A6F000DB6892689B689A4201D9FFF7DBBF70471D
:10A7000068200020164A38B500F10C010346D068D5
:10A71000302282F31188DC689A690262A1421BD060
:10A72000446A82B98460D8680268DA605160026A5B
:10A7300058619A610162FDF77FFBFFF7D7FF0020A8
:10A7400080F3118838BD1568AA4203D0AD68AC42C9
:10A7500038BF2C46D268E4E700225A61EFE700BF19
:10A7600068200020302383F31188034BDB68986155
:10A770000F20FDF765BC00BF6820002003682BB1E7
:10A780000022026099611846FDF756BB7047000031
:10A79000F8B5302383F311881F4C2378012B1CD08C
:10A7A0002046D4F8905002F069F81C4A00234FF478
:10A7B0000051C5F81C38AB60AB63C2F88810C2F812
:10A7C000881182F84D33164B1A6B22F000521A632F
:10A7D0001A6D22F000521A651B6D124D00270123DD
:10A7E00067602370092455F8046F6EB1706920B159
:10A7F0006FF001010C30FFF7C1FFB06920B16FF0BD
:10A8000001010C30FFF7BAFF013C2F60EBD1FFF7DD
:10A810006DFF84F31188F8BD5C41002000E100E089
:10A820000038024064410020EFF3098305494A6B78
:10A8300022F001024A63683383F30988002383F31B
:10A840001188704700EF00E0302383F31188104B2C
:10A850005B6813F4006317D0F1EE103AEFF309834D
:10A86000683B4FF08072DA610A4AD26B1A6683F352
:10A870000988094A1168D2688968926891428CBF38
:10A88000064A074A9A61704783F31188704700BFF0
:10A8900000ED00E000EF00E0682000204F430008DA
:10A8A00052430008036810B55B680C469847C368BC
:10A8B00013B153F8340010BD00696043FBE700009A
:10A8C0002DE9804897B000230593C24B1A6962F0C6
:10A8D0002F021A611A6902F02F021A614FF0FF313C
:10A8E0001A695A6959615A6900225A615A691A6A81
:10A8F00062F080521A621A6A02F080521A621A6A70
:10A900005A6A59625A6AB44900225A625A6A0A68F3
:10A9100042F480720A601A6FB04912F4407F1FBF80
:10A920004FF480321A6700221A670024AC4A0C6088
:10A930004C6001235068046041F8334001330F2B11
:10A9400002F11402F6D1A74BA74F4FF0FF39C3F81D
:10A950000490C3F80494A54B60214FF480684FF431
:10A9600080754FF4007040224FF0800B4FF40006CA
:10A970004FF0020A83F80613C3F880211A6083F8A7
:10A980000713C3F880B1C3F800B083F80813C3F805
:10A9900080511D6083F80913C3F88001186083F8A3
:10A9A0000A13C3F88081C3F8008083F81713C3F833
:10A9B00080611E6083F82813C3F884515D6083F8BA
:10A9C0000113C3F880A1C3F800A083F82913C3F8CA
:10A9D000840158604FF4805083F82A13C3F88481AF
:10A9E000C3F8048083F84C13C3F8880198600420EE
:10A9F00083F80213C3F88001186083F80313082159
:10AA0000C3F880114FF080751960702183F8181316
:10AA1000C3F880511D604FF0007583F81913C3F817
:10AA200080511D604FF0806583F81A13C3F8805180
:10AA30001D604FF0006583F81B13C3F880511D6043
:10AA400083F81C136A4D4FF08051C3F880111960D0
:10AA5000684B2B6005F10C03EB602B61664BEB61DF
:10AA6000664B67495C6001261E70DC602E716C616C
:10AA700018743846D9611E834FF0010300F8303B4B
:10AA8000002103F0C4F85F4BC7F890305E4BC7F865
:10AA90009430504B7C601A6CBC6032431A641A6E5E
:10AAA00032431A66594A1B6E93684FF08041334314
:10AAB000936040F66F03C1F800808B62C1F82C9060
:10AAC0008C614C63CC604C604E610B68504A3343E0
:10AAD0000B60504B1A60504A5A60504A504B1363F7
:10AAE0009462302383F3118862B64E48DFF850C178
:10AAF000D0F80CE02EF4E06E4FEA0E4E4FEA1E4EF8
:10AB00004EEA0C0CC0F80CC0D0F8FCC0DFF834E101
:10AB10004CF0807CC0F8FCC0DEF800C04CEA060CAB
:10AB2000CEF800C04FF0200C80F81FC080F8223013
:10AB3000C2E906949460D462496A0091002302F14C
:10AB400010000193C2E90400DDE90001C2E9080137
:10AB50003548D46502F13401D16000F5AA71C0F81E
:10AB6000C4113249C0F894113149C0F89841C2E982
:10AB70000022C2E91444C2F83CB05264C2F858B092
:10AB8000A2F84860C0F8B411C0E97646C0F8C061C8
:10AB9000A0F8CCA1C0F8C821C0F8D44100F5DC7001
:10ABA000FDF74AF984F31188224A234E23491160A4
:10ABB000FCF774FA3560302383F31188EA6913696E
:10ABC00043EA0B0313614FF001032B7184F31188E7
:10ABD0003AE000BF0038024000700040C41F00206F
:10ABE000F8E50008006002405C41002000E100E060
:10ABF000D040002010E70008003C02403C2000202C
:10AC0000000001400000044038E70008002004E094
:10AC1000004500205C2000200080012068200020EA
:10AC200044E7000800ED00E0700E0020C94C000869
:10AC30003D4300086C0C0020F0400020C14C00088F
:10AC40000003FA05001000E03068DFF848B303683D
:10AC50005B689847BF4B019DD3F8E027BE4B8468E3
:10AC6000824603EA8228A946DAF80810A94227D9C1
:10AC70000139491B3068CBF80010FFF713FE40453F
:10AC8000DBF8002080F0A3803068009203685B68E6
:10AC90009847C368002B00F09780009A03EBC2032B
:10ACA0005B689944B9F5804FC0F09080DBF80010E4
:10ACB000AA4B3068641A1C60FFF7F4FDA84B1860BB
:10ACC000DFF8D482002408EB040120460234FAF7AE
:10ACD00085F9B4F5005FF6D1DFF8BC92A14DA24E24
:10ACE00042F2010100204FF0120C013972D10DF136
:10ACF000380942F2080A494620460234FAF76EF94A
:10AD0000544509F10209F6D1DDE90E23B34208BF2B
:10AD1000AA4201D0FCF7C2F900260CA92046FAF796
:10AD20005DF9BDF83030002B49D0C3F38111012902
:10AD300004F10205ADF83830DAB274D0022979D0C6
:10AD4000002940F088800DF13A012846FAF746F9CB
:10AD50009DF839309DF83A109DF8382043EA0123D8
:10AD60004FEA02495BBA9BB209F4E02949EA0309B8
:10AD7000C2F3C20A09EB0A03B3F5005F04F104054C
:10AD80004FEAD20B67D812F0300F04D028460FA933
:10AD9000FAF724F9A51D1BF0040F05D028460DF184
:10ADA0003E01FAF71BF9023552460DF13B0108EB63
:10ADB000090002F079FFB5F5804F2C46ADD36B4BFF
:10ADC0001C60FEF777F84AE003696AE7224601351E
:10ADD000144649E719F8013B6B40A3FB0CAB750126
:10ADE0005A011AEB02020CFB06BB45EAD3654BEB9A
:10ADF000050B4FEAC61AD2184FEAC31546EB0B0BE8
:10AE00004FEA032E55194AEA536A4FEA06264BEBDE
:10AE10000A0A46EA136615EB0E054AEB060A0EEB24
:10AE20000A06451961E702F03F02C3F3072308F859
:10AE30000230C0E7510201F478511B0A41EA430392
:10AE4000591CB1F5005F06D2C2F3401208F8032086
:10AE500008F80160AFE7454B1D60FDF7B5FF08B985
:10AE6000FCF71CF9302383F311884FF080435A6AB2
:10AE70003F4B1A603F4A002313603F4A136083F33D
:10AE80001188FCF72CF8FCF716F808B9FEF750FA11
:10AE90003A483B4C20224FF4806101F0F5FB3748E3
:10AEA0002022042101F0F0FB34482022022101F08D
:10AEB000EBFB324820224FF4805101F0E5FB314892
:10AEC00020224FF4006101F0DFFB2E4820224FF4D6
:10AED000805101F0D9FB2C482022402101F0D4FB05
:10AEE00029482022802101F0CFFB264820224FF460
:10AEF000004101F0C9FB254820224FF4806101F098
:10AF0000C3FB224820224FF4006101F0BDFB1F4823
:10AF100020224FF4805101F0B7FB1D48202204216C
:10AF200001F0B2FB15482022082101F0ADFB1348C7
:10AF30002022102101F0A8FB20221048114601F028
:10AF4000A3FB0023013B042B28D8DFE803F03A4D94
:10AF50006073860000F0FF1F00FCFF03740C0020EC
:10AF6000700C002025232284E49CF2CBC8400020F2
:10AF7000FC400020F8400020F44000200004024083
:10AF800096430020000002400014024000080240E6
:10AF9000000C0240780C0020C820002062482022CB
:10AFA000102101F071FB23782BB9A02300BF013BD6
:10AFB000FCD10123C6E74FF4487300BF013BFCD12D
:10AFC000F7E720225848114601F05EFB23782BB9A1
:10AFD000A02300BF013BFCD10223B3E74FF4487329
:10AFE00000BF013BFCD1F7E750482022102101F0BF
:10AFF0004BFB23782BB9A02300BF013BFCD10323DB
:10B00000A0E74FF4487300BF013BFCD1F7E72022D3
:10B010004648114601F038FB23782BB9A02300BF26
:10B02000013BFCD104238DE74FF4487300BF013B83
:10B03000FCD1F7E73D482022402101F025FB237891
:10B040002BB9A02300BF013BFCD105237AE74FF4C5
:10B05000487300BF013BFCD1F7E7344820220821A8
:10B0600001F012FB2378002B52D1A02300BF013B3B
:10B07000FCD12F4B2F48C0225A804FF418429A809F
:10B080004FF4E052DA80042200245A8141F23E4219
:10B090001A8121460C221C8002F0B9FD0C222146A7
:10B0A000254802F0B4FD602002F070F8234B6022C6
:10B0B0002146186002F0ABFD2046FBF7C4FF4FF6B7
:10B0C000FD7398422AD0FEF791F90220FBF7E6FEC5
:10B0D0001B4B1C4D18700420FBF7B5FF2880FBF7B5
:10B0E00049FA4FF47A60FDF714FDFBF743FA124B6F
:10B0F0001C8814F001042BD0FEF768F94FF6FF719D
:10B100000020FEF726F9104B104A1A60FBF75CF995
:10B110004FF4487300BF013BFCD1AAE7FBF7CBFE1D
:10B120000028D2D1CFE700BF001402400000024047
:10B130008A4300207E4300207243002064430020A5
:10B140008142002060430020FC7F0120EF6916F05F
:10B150000320FBF7A3FEA14B1880A148FBF734F8AE
:10B16000FF21102200F8194B02F051FD9D481022DA
:10B17000FF2100F8194B02F04AFD2046FBF763FF60
:10B180004FF6FD73984200F0FB80FEF72FF9FDF7B4
:10B190006DFF954C082221461820FBF76FFE934B5C
:10B1A00000221A702378012B01D8FDF75FFF2B785E
:10B1B00043F080032B70298804200024FEF7C9F88F
:10B1C0000EA9042213200E94FBF758FE884A0E9B0A
:10B1D0001360884A884813702146102202F017FD38
:10B1E000864B1C70864B1C70864B03F108029A65D7
:10B1F00003F11C02C3F8802003F13002C3F8A02041
:10B20000814AD3F8C410C3F8D42003F1D802D3F88C
:10B21000BC00C3F8D820D3F8D020C3F8F42003F141
:10B22000E0050431C3F8E050C3F8E450C3F8F0205F
:10B2300000FB0125C3F80421744AC3F8F850012625
:10B24000D3F8B850C3F8FC10C3F80001D3F8CC1001
:10B25000C3F8102103F58C7003F1D40283F8DC608D
:10B2600083F8E860C3F8EC40C3F81801C3F81C0188
:10B2700083F82061C3F82C11C3F80841C3F80C41CE
:10B28000C3F81421C3F82451C3F82811D3F8C0001F
:10B29000C3F83C11043005FB00165D49C3F83401C6
:10B2A000C3F84811D3F8B000C3F83061C3F838517F
:10B2B000C3F84041C3F84441C3F84C21302181F325
:10B2C000118893F8B4100B3140F8212093F8B51091
:10B2D000133140F8212093F8B61011B10B3140F82A
:10B2E00021204C4AC3F85021022283F8DC2000249C
:10B2F00084F31188D7F89020D2F8043843F0020381
:10B30000C2F80438FFF744FA41F28830FDF701FC37
:10B31000FDF728F9D7F89020D2F8043823F002037B
:10B32000C2F804383C4B1C603C4C3D4B236041F25E
:10B330008830FDF7EEFB3B4B22681A602F4B304AFA
:10B340001E782D4D137800242146B3427ED0184636
:10B350000121285C013303F00F030C460528F4D8C3
:10B3600001A757F820F000BF49B300084BB300080D
:10B3700049B3000849B300088DB3000899B3000829
:10B38000FBF799FD00287FF404AFFEE61370264B0F
:10B390004FF001021A70D1E71370234B23480024A9
:10B3A0001C70234B1C70234B1C70FBF787FE06227E
:10B3B0002146214802F02BFC204B1C70204B1C70B6
:10B3C000204B20461C70FAF73FFF2046FAF756FF45
:10B3D000FAF72EFF1C4B1C70B0E700BF0C43002097
:10B3E000014100205842002000430020004100207D
:10B3F000F84200207C0C00204841002059410020E8
:10B4000058410020900C002050E70008E17F000820
:10B4100061700008400D00202C41002044410020B4
:10B42000800C0020984200205A410020701100201A
:10B430000943002010430020EF420020EE4200208C
:10B44000ED420020EC4200205B41002001B113706E
:10B45000A34C2378052B08D1A24D2378052B00F0AF
:10B46000EC80FBF72BFCFAF789FFFBF783F89E4B88
:10B4700004939D4A9D4B06930624013C14F0FF045F
:10B480001088198800F04481884202F1020203F119
:10B490000203F2D00024DFF874B2069B049A33F85A
:10B4A000029B069332F8023B04924B4500F0BE80AB
:10B4B00083EA090309930BEB041302938C4B8D4D24
:10B4C00003EB0413E2B20093012307924FF000084C
:10B4D0000393099B039A134200F096805FFA88F366
:10B4E0000893079B8DF8393009EA020A8DF83880F5
:10B4F000FAF7E0FE4FF001038DF83C30BAF100039B
:10B5000018BF0123ADF83A008DF83D30DDE90E019A
:10B51000FEF7F4FEBAF1000F04D0029B1B78FF2B5C
:10B5200040F02A8200262B783344082B1DDDC6F11B
:10B530000807711C3A4629446F4802F0B5FB06F132
:10B5400009013A4629446D4802F0AEFB05EB46017D
:10B550007A0019316A4802F0A7FB06F11101694827
:10B560003A46294402F0A0FB2F70AEB1059A2B7821
:10B570003032E9181BF8120048700BEB4202527887
:10B580004A72059A4A7403F10C0205EB420200214B
:10B590000133517091702B70BAF1000F34D05A4BB7
:10B5A0001B7803F0FE033E2B2ED1029B1F78FF2F4A
:10B5B0002AD0002630374E4B0BEB061203EB061356
:10B5C0004FF0000A12F801CBBCF1FF0F12D007991F
:10B5D000F0B2884240F0D38108995FFA8AF0814244
:10B5E00040F0CD810099009809782031FF2928BFCB
:10B5F000FF2101700AF1010ABAF1100F03F10103F2
:10B60000E0D10136062ED6D1039B5B000393029B4B
:10B6100001330293009B08F101080133B8F1100FC8
:10B6200000937FF456AF049B23F8029C0134062C50
:10B630007FF433AFFAF73EFE6FE0FDF72DFD2E7875
:10B640002EB93046FBF7D8FD3046FAF7EDFC4FF047
:10B65000010340F2A4602B70FDF75BFAB4F8883068
:10B660009B077FF5FAAEFAF785FF204A062311887B
:10B6700031B9013B13F0FF0302F10202F7D1ECE60E
:10B680002378052B12D1D4F89020D2F8043843F057
:10B690000103C2F80438C820FDF73BFAD4F8902023
:10B6A000D2F8043823F00103C2F80438D4F890200B
:10B6B000D2F8043843F00203C2F80438FFF768F800
:10B6C0004CF25030FDF725FAFCF74CFFD4F89020EF
:10B6D000D2F8043823F00203C2F80438BDE600BFF4
:10B6E0005C4100205B410020824200207243002028
:10B6F000F8410020584200205942002061420020B9
:10B7000071420020694200200043002088E70008C1
:10B7100088427FF4C0AEFEF785FEDFF830A30EACA2
:10B72000FDF7BAFC06225146204602F0BDFA9AF90E
:10B7300002509AF903709AF904809AF905609AF810
:10B74000019000238AF802308AF803308AF8043026
:10B750008AF8053055EA070335D0B84BB3F800B086
:10B76000FAF7A8FDB64A1378A0EB0B0080B2002BC5
:10B7700000F0D282142826DDFF2B01D00133137094
:10B7800045B1F9F7B7FA002DD4BFFF230123434396
:10B790008AF8023047B1F9F7ADFA002FD4BFFF2382
:10B7A000012343438AF803309AF9020058B19AF909
:10B7B000032042B1F9F78AFA8AF802001046F9F735
:10B7C00085FA8AF8030058EA060338D09D4BB3F88F
:10B7D00000B0FAF76FFD9C4A1378A0EB0B0080B223
:10B7E000002B00F09582502829DDFF2B01D001337A
:10B7F0001370B8F1000F09D0F9F79EFAB8F1000FF5
:10B80000D4BFFF23012343438AF8043046B1F9F73C
:10B8100093FA002ED4BFFF23012343438AF8053057
:10B820009AF9040058B19AF9052042B1F9F74EFA95
:10B830008AF804001046F9F749FA8AF805009AF8E0
:10B8400001304B4514D19AF902300BB19D420FD112
:10B850009AF9031009B1B9420AD19AF905200AB13F
:10B86000B24205D19AF9040010B90B431A4301D032
:10B87000FAF784FD06222146744802F015FAFAF719
:10B88000D7FC734B1A78824202D01870FAF712FD77
:10B89000704FD7F8D43070481D6A2022002321460B
:10B8A000A847064600283FF449AD9DF838305A1E97
:10B8B0002E2A00F2ED8001A151F822F0DDB9000836
:10B8C000EBB9000885BA0008CFBA0008E1BA000851
:10B8D000FBBA000801BB000801BB000801BB00085F
:10B8E00091BA000807B10008D5BB0008DDBB00080D
:10B8F000E7BB00082BBC00086BBC000871BC00084B
:10B9000075BC0008B7BC000891BA000891BA0008DD
:10B9100091BA000891BA000891BA000891BA0008DB
:10B9200091BA000891BA000891BA000891BA0008CB
:10B9300091BA000891BA000891BA000891BA0008BB
:10B9400091BA000891BA000891BA000891BA0008AB
:10B9500091BA000891BA000891BA000891BA00089B
:10B9600091BA000891BA000891BA000891BA00088B
:10B97000F5BC0008F9BC000805930126D3E50CF1DD
:10B9800030011BF817001BF811C00B92A0EB0C0044
:10B990000BEB41010BEB470C49789CF801C00A9373
:10B9A000ACEB010C0CFB0CFC00FB00C080B2F9F707
:10B9B00085FB28280A9B0B9A3FF61CAEA0F11801C4
:10B9C00089B21029197894BFC0F1280010200844CA
:10B9D00080B2FF2828BFFF2018700BE600238DF8E7
:10B9E00039300C238DF83A301DE09DF83930013B99
:10B9F000032B4DD8DFE803F0020E3240FAF75AFC71
:10BA0000030E8DF83A30030C8DF83B3040BAADF898
:10BA10003C0008E0FBF763FA0023ADF83A308DF8FC
:10BA20003C308DF83D00F2B2202A7FF432AFD7F8D7
:10BA3000D43009485B68214698472AE790420020A5
:10BA4000EE4200208E420020ED420020EF42002016
:10BA500092420020900C0020640D00209DF83A30A6
:10BA6000AF482246052BDEDC30F8131011710D0AA9
:10BA7000023201335570F5E70023ADF83A30ADF8E6
:10BA80003C30D0E79DF83930022B05D0052B0FD084
:10BA9000FF238DF83830C6E7BDF83A10BDF83C30CA
:10BAA00041EA034109BAC9B22820FDF7C5FBBAE74C
:10BAB0009C490B78C3F3000282F0010262F3000399
:10BAC0000B70994B00201870F9F730FFABE79DF829
:10BAD0003B209DF83A109DF83900FBF705FA95E7F1
:10BAE000BDF83C309DF83B209DF83A109DF8390098
:10BAF0005BBA9BB2FDF7CAFB95E7FDF7E3FB92E764
:10BB00009DF83920032AC3D1082B3CD0092B5ED0E5
:10BB10009DF83A30013B032B85D8DFE803F0020C97
:10BB2000262C80489DF83B208178407800235208DD
:10BB3000FAF7D0FA77E77B4B9DF83B001A7802F0D2
:10BB4000010238B90AB1784A10701A7822F001025D
:10BB50001A7068E70AB974490A701A78002142F02D
:10BB600001021A70FAF778FA5DE76E4B9DF83B20F8
:10BB70001A710020A8E76B4A9DF83C10D2789DF816
:10BB80003B000023D4E79DF83A30013B032B3FF6FE
:10BB90004AAFDFE803F0020A1114624BDB78C3EB13
:10BBA0000323DB118DF83B303DE75E4B1A7812F032
:10BBB0000103F7D05308F5E75A4B1B79F2E7594BCD
:10BBC0005A789B788DF83B208DF83C302BE7FDF7B9
:10BBD00041FA28E710238DF8393024E718238DF82F
:10BBE00039305723FEE69DF839509DF83A309DF8DC
:10BBF0003BA045EA03256DBAADB2A8460DF13C095C
:10BC000041F6560BA8EB05039BB29A457FF60BAFA6
:10BC1000D84508DC08F2A970FBF740F909F8010BD8
:10BC200008F10108EEE70020F8E79DF839509DF88B
:10BC30003A309DF83B8045EA03256DBAADB24FF02E
:10BC4000000941F6560A1FFA89F34345BFF4EBAEEB
:10BC5000554506DC04EB090305F2A9701979FDF7D7
:10BC6000EBFA09F101090135EDE7FDF755FBDAE6DD
:10BC70000A23B0E79DF839309DF83A209DF83BA0A3
:10BC800043EA02235BBA9DB2A8460DF13C09A8EB3A
:10BC900005039BB25345BFF4C6AEB8F5F06F08DAA2
:10BCA00008F12900FBF7FAF809F8010B08F101087F
:10BCB000EDE70020F8E79DF839509DF83A309DF8FF
:10BCC0003B8045EA03256DBAADB24FF000091FFA7B
:10BCD00089F398457FF6A7AEB5F5F06F06DA04EB69
:10BCE000090305F129001979FDF7A6FA09F10109FF
:10BCF0000135ECE700236EE70C4908220CA801F09F
:10BD0000D3FF08220CA90DF1390001F0CDFF8AE61E
:10BD10000A283FF76CAD92E50A283FF72FAD52E5B0
:10BD20007243002000430020E50D002054EB000882
:10BD30000048704728EA0008F7B50479052C40D080
:10BD400004240471C4691427E760256945F00105DE
:10BD500025614FF6FF7C5AB321F00105ADF804C010
:10BD600005F1006501F0010608366E4413F801EB99
:10BD700006F804EC013A01F1010101D0CE07F1D43B
:10BD8000BDF804E0A5F800E0E668F607FCD4E66834
:10BD9000E76016F0100F0AD116F0040F05D1B606B1
:10BDA00003D52D88ADB2AE45D5D0032200E00622E2
:10BDB000236923F00103236102230371104603B0BA
:10BDC000F0BD0122FAE7072070470379052B09D15E
:10BDD000C369DA68D20707D41A6922F036021A61F9
:10BDE000022303710020704709B10A230B60012070
:10BDF0007047000010B40468037C21684268D94091
:10BE0000126801F00E010A420ED0427C01FA03F3DF
:10BE100063600132054B53F832402CB103EBC2038F
:10BE20005868234610BC184710BC7047C41F002038
:10BE300000EB810330B5DD68AB691A681A6119B986
:10BE4000402A84BF40221A606B8A5C1E1444B4FBF3
:10BE5000F3F46343D0F89020033323F0030343EA61
:10BE6000C44302EB411043F0C043C0F8103B2B68C1
:10BE700003F00303012B0CD1D2F8083813F4807FB0
:10BE8000D0F8003B14BF43F0805343F00053C0F898
:10BE9000003B02EB4112D2F8003B43F00443C2F8EE
:10BEA000003B30BD00EB810330B5DC68D0F890205A
:10BEB00065692B682B614BBB02EB41134FF40020EB
:10BEC000C3F81009236803F00303012B0ED1D2F845
:10BED000083802EB411013F4807FD0F8003914BF0A
:10BEE00043F0805343F00053C0F8003902EB411097
:10BEF000D0F8003943F00443C0F80039D2F83408D0
:10BF000001238B400343C2F8343830BD19B9402BAC
:10BF100084BF40232B60258A681E1844B0FBF5F0CF
:10BF200043EAC04302EB411043F00053C0F810391C
:10BF3000C8E700002DE9F041404DD5F8907007EBBF
:10BF400040130446D3F80889C3F8088918F0010F94
:10BF500019D0D7F81038DB0715D5861C05EB8603FA
:10BF600059684B6918681A6990422FD2121A002634
:10BF70001A605E60302383F3118821462846FFF75C
:10BF800091FF86F3118818F0800F1DD0D7F8343850
:10BF90000126A640334217D005EB8403D5F89070F4
:10BFA000D3F80CC0651CEDB2DCF8141007EB0535B6
:10BFB00007EB441448680B68984221D3D7F834380B
:10BFC00023EA0603C7F83438BDE8F0812B89012243
:10BFD000A24023EA02032B818B6813B12146284635
:10BFE0009847302383F3118805EB86060021736898
:10BFF00058690C30FEF7C2FB002383F31188C2E7B7
:10C00000BCF810201B1A934228BF1346D4F81829F5
:10C0100092B2B3EB820FD7D88A68A2F1040858F81D
:10C0200004EFC5F800E0A2EB080E9E44BEF1040F39
:10C03000F5D81A4403448A604B60BBE75C4100209A
:10C04000F8B52A4DD5F8906006EB40130446D3F8B6
:10C05000087BC3F8087B38070AD5D6F814381907C7
:10C0600006D505EB84032146DB6828465B689847C4
:10C07000FA0720D5D6F81438DB071CD5A61C05EB2B
:10C0800086035968C4B98B69488A5A68B2FBF0F7CD
:10C0900000FB172282B918681A6990420CD2121A52
:10C0A000C3E90024302383F3118810482146FFF7A9
:10C0B000BFFE84F31188F8BD6B890122A24023EAF8
:10C0C00002036B81CB6813B108482146984730239F
:10C0D00083F3118805EB86056B68986941680C301D
:10C0E000FEF74CFB002383F31188E4E75C4100205A
:10C0F00038B50446007905280DD003202071E06989
:10C100001425C56001F10061184601F0CDFD022340
:10C110002371002038BD0120FCE710B50379052B01
:10C12000044614D005230371C3691422DA601A6926
:10C1300042F002021A61FEF7B5FBE36900F100600C
:10C1400058611A6942F040021A61002010BD0120B6
:10C15000FCE710B50379052B044612D0FEF7A2FBCD
:10C1600000F10060031F00F2FC7053F8042F01324D
:10C1700005D18342F9D100200223237110BD05208F
:10C18000FAE70120FAE730B4458901248C402C43BA
:10C19000448100EB8104E468A46923600023A26069
:10C1A0006360E36030BCFFF743BE30B4058901240F
:10C1B0008C402C43048100EB8104E46864692360B3
:10C1C0000023A2606360E36030BCFFF76BBE10B574
:10C1D00090F870300446002B40D0063BDAB20F2AAC
:10C1E00036D80F2B34D8DFE803F039333308253441
:10C1F0003333333333333333393990F8863090F86F
:10C200008720816F43EA0223994213D2C3681B8AB5
:10C21000B1FBF3F203FB121161B9302383F31188F0
:10C220000B460A46FFF7C1FF81F311880A2384F801
:10C2300070300DE0142384F87030302383F31188BC
:10C2400000231A4619462046FFF79DFF81F3118807
:10C2500010BDC36F03B198470023E8E7D4F89030CE
:10C26000D3F8002942F40012C3F80029D3F8002BB8
:10C2700042F40012C3F8002B63681B6813B1062157
:10C28000204698470623D2E710B590F87030142B5B
:10C2900004462ED01DD8062B05D001D81BB110BDE9
:10C2A000093B022BFBD8D4F89030D3F8002942F494
:10C2B0000012C3F80029D3F8002B42F40012C3F88F
:10C2C000002B63681B6813B106212046984706239C
:10C2D00018E0152BE3D10B2380F87030302383F363
:10C2E000118800231A461946FFF75FFF81F3118872
:10C2F000D5E7C3689B695B68002BD0D1C36F03B1DE
:10C300009847002384F87030C9E74B6843608B6816
:10C310008360CB68C3600B6943614B6903628B69BF
:10C320004362CB69C3630B680360704716230360E5
:10C330004FF0FF30704700207047184670470020CC
:10C340007047000010B5302383F311880B4C23682D
:10C350006268194491424FF0000206D982F31188B5
:10C360000C2303604FF0FF3306E08B42F6D82160C8
:10C3700082F31188002BF3D0184610BD5C200020FA
:10C3800008B510460021582201F041FC4FF400523C
:10C390004260002008BD01207047000072B6024BC9
:10C3A000024ADA65FEE700BF6820002060EB000863
:10C3B00072B6024B024ADA65FEE700BF6820002031
:10C3C00065EB000801207047704700002E4B82B0DB
:10C3D000D3F8A0200092D3F8A4200192D3F8A4208F
:10C3E00022F4E022C3F8A420D3F8A42042F480224F
:10C3F000C3F8A42000BF00BF00BF00BF00BF00BF44
:10C4000000BF00BF00BF00BF00BF00BF00BF00BF34
:10C4100000BF00BF00BF00BF00BF00BF00BF00BF24
:10C4200000BF00BF00BF00BF00BF00BF00BF00BF14
:10C4300000BF00BF00BF00BF00BF00BF00BF00BF04
:10C4400000BF00BF4FF4A042C3F8A020D3F8A02043
:10C4500022F48042C3F8A020009AD3F8A01002F47E
:10C4600080420A43C3F8A020D3F8A42022F4E0229B
:10C47000C3F8A420019AD3F8A41002F4E0220A43DE
:10C48000C3F8A42002B07047003802402F4B82B09E
:10C49000D3F8A0200092D3F8A4200192D3F8A420CE
:10C4A00022F4E022C3F8A420D3F8A42042F480228E
:10C4B000C3F8A42000BF00BF00BF00BF00BF00BF83
:10C4C00000BF00BF00BF00BF00BF00BF00BF00BF74
:10C4D00000BF00BF00BF00BF00BF00BF00BF00BF64
:10C4E00000BF00BF00BF00BF00BF00BF00BF00BF54
:10C4F00000BF00BF00BF00BF00BF00BF00BF00BF44
:10C5000000BF00BF009A02F4805242F48042C3F898
:10C51000A020D3F8A02022F48042C3F8A020D3F8B2
:10C52000A02042F48042C3F8A020D3F8A42022F433
:10C53000E022C3F8A420019AD3F8A41002F4E02268
:10C540000A43C3F8A42002B0704700BF003802407D
:10C55000FEF77AB938B5174DEB691C69DA681440F3
:10C56000E2B2D2431A61A30704D56B681B690BB111
:10C5700028469847600704D56B689B690BB10D4846
:10C580009847210704D56B681B6A0BB10948984787
:10C59000E20604D56B689B6A0BB106489847E3072F
:10C5A00004D56B689B680BB102489847BDE83840DA
:10C5B000FEF74AB93C200020FEF746B9FFF7CABF94
:10C5C0004FF080422DE9F0411369D1680B40D9B298
:10C5D000C9439B0711613ED5302383F31188284D51
:10C5E0004FF080482C69D8F82400EE69A168254FE7
:10C5F000821B8A423BD3236862680E44EE6113605B
:10C600005A60002323602A69BA4208BFC8F80C3078
:10C6100083F31188E368216920469847302383F328
:10C6200011886269002ADDD04FF080432869596A79
:10C630008B1B9A4237BFEA6A521A42F00202EA6240
:10C640002CBF92190022B84209D12046FCF764F8A9
:10C65000002383F31188BDE8F041FEF7F5B89B187D
:10C66000084838BF1A462146FBF7F0FFB8E7BC423E
:10C67000EED0091A3144E861A160FBF7FDFFE7E75E
:10C6800068200020782000202DE9F74FC2F3C31363
:10C6900002F00309C2F3C108C2F3411E01934F46E1
:10C6A000002401F001034908002B3DD0019D04F056
:10C6B00007039B0005FA03FC0126456806FA04FA05
:10C6C00025EA0A054560866865004FF0030B0BFA02
:10C6D00005F526EA050646EA08068660C66826EAE3
:10C6E000050646EA0E06C660C66B26EA0A0646EA54
:10C6F000D226C663B9F1020F4FF00F0606FA03F314
:10C7000019D1072C95BF066A466A9E439E4395BF82
:10C7100046EA0C0646EA0C0606624662036823EA0D
:10C7200005033B430360C9B14FEA88084FEA8E0E08
:10C73000BF000134B5E7066826EA05063E43072C2C
:10C74000066095BF056A456A9D439D4395BF45EACE
:10C750000C0545EA0C0505624562E4E703B0BDE857
:10C76000F08F000008B50348FFF744FBBDE8084020
:10C77000FEF76AB8F8E5000808B50348FFF73AFB8A
:10C78000BDE80840FEF760B80CE6000808B50348AD
:10C79000FFF730FBBDE80840FEF756B820E600087A
:10C7A00008B50348FFF726FBBDE80840FEF74CB884
:10C7B00034E6000808B50348FFF71CFBBDE8084055
:10C7C000FEF742B848E6000808B50348FFF712FB39
:10C7D000BDE80840FEF738B85CE6000808B5034835
:10C7E000FFF708FBBDE80840FEF72EB870E600082A
:10C7F00008B50348FFF7FEFABDE80840FEF724B885
:10C8000084E6000808B50348FFF7F4FABDE80840DD
:10C81000FEF71AB898E6000808B50348FFF7EAFAE9
:10C82000BDE80840FEF710B8ACE6000808B50348BC
:10C83000FFF7E0FABDE80840FEF706B8C0E60008DA
:10C8400008B50348FFF7D6FABDE80840FDF7FCBF7E
:10C85000D4E6000808B50348FFF7CCFABDE8084065
:10C86000FDF7F2BFE8E6000808B50348FFF7C2FA93
:10C87000BDE80840FDF7E8BFFCE60008D0F89430BA
:10C8800070B5D0F890409E6800224FF0FF3504EB61
:10C8900042135101D3F800090028BEBFD3F80009A4
:10C8A00040F08040C3F80009D3F8000B0028BEBF59
:10C8B000D3F8000B40F08040C3F8000B013263183E
:10C8C0009642C3F80859C3F8085BE0D24FF0011351
:10C8D000C4F81C3870BD00002DE9F04190F87030AC
:10C8E000044613B1002380F8703004EB8101082264
:10C8F000CB6804F18000196A01F0D6F963689B687F
:10C90000EBB994F8803013F060053DD0D4F8903046
:10C91000D3F8002942F40012C3F80029D3F8002B01
:10C9200042F40012C3F8002B63681B6813B10621A0
:10C9300020469847062384F87030BDE8F0812046F1
:10C9400098470028DDD094F8863094F88720A16FAE
:10C9500043EA0223994284BFA367194694F98030C1
:10C96000002B4FF0300380F24281002900F0328129
:10C97000092284F8702083F31188A36F626F00216D
:10C980002046FFF712FC2FE194F8812003F07F038B
:10C9900043EA022340F20232934200F0FF8021D8A2
:10C9A000B3F5807F4DD00DD8012B44D0022B00F081
:10C9B000C080002BAAD104F1880262670222A2671C
:10C9C000E367C0E7B3F5817F00F0C980B3F5407F2E
:10C9D0009CD194F88230012B98D1B4F8883043F080
:10C9E000020337E0B3F5006F59D01CD8B3F5A06F40
:10C9F00036D0A3F5C063012B88D894F885206168F0
:10CA000094F884304E6894F8831043EA0223204659
:10CA100094F88220B04700283FF478AF43686367FA
:10CA20000368A3671AE0B3F5106F3DD040F60242E9
:10CA300093427FF46BAF774B63670223A3670023B6
:10CA4000BEE794F88230012B7FF460AFB4F88830F1
:10CA500023F00203A4F888306567A567E56772E7ED
:10CA6000B4F88030B3F5A06F15D194F88210D4F8E3
:10CA7000902084F88A10D2F8003823F4FE6343EA49
:10CA80000113C2F8003863681B6813B10121204606
:10CA900098470323237000236367A36790E704F19B
:10CAA0008B0363670123BCE72378042B31D1302348
:10CAB00083F31188A36803F00113A36004F10C064B
:10CAC00004F12C0856F8047F6FB1786920B16FF03B
:10CAD00001010C30FDF752FEB86920B16FF0010181
:10CAE0000C30FDF74BFEB0453560EBD1D4F89430F7
:10CAF0001B68C4F898302046FFF7C0FE85F3118804
:10CB00000321636884F88B5021701B680BB12046A9
:10CB1000984794F88230002BBDD084F88B300423E2
:10CB2000237063681B68002BB5D00221204698470C
:10CB3000B1E794F8842012F0800F02F00F03D4F8CC
:10CB400090200AD048335B01D3581A047FF5DEAE3B
:10CB500099024CBF304B314B6EE75833F3E794F8F2
:10CB60008230002B7FF4D2AE94F8843013F00F02A1
:10CB700091D013F0800FD4F8903003EB421306D01D
:10CB8000D3F8002922F40012C3F8002983E7D3F870
:10CB9000002B22F40012C3F8002B7CE794F88230BB
:10CBA000002B7FF4B3AE94F8843013F00F023FF4FF
:10CBB00072AF13F0800FD4F8903003EB421304D01F
:10CBC000D3F8002942F40012DEE7D3F8002B42F438
:10CBD0000012E0E7142284F8702083F311880B46DA
:10CBE0000A462046FFF7CFFA81F31188A5E641B146
:10CBF000152284F8702083F311880021A36F626FDF
:10CC0000EFE70B2284F8702083F311880B460A4665
:10CC1000B6E600BF48EA000846EA000844EA000811
:10CC2000890141F02001016103699B06FCD41220B7
:10CC3000FBF78EBC2DE9F74F474CD4F8906075692F
:10CC4000B3691D4015F48057756100F08B8025464F
:10CC50000027022345F8087F2370C4F8887009264E
:10CC60004FF0300955F8043FABB189F31188D5F87E
:10CC70000080D8F8140020B16FF001010C30FDF7EE
:10CC80007DFDD8F8180020B16FF001010C30FDF7E0
:10CC900075FD87F31188013E2F60E3D1D4F89050E1
:10CCA00084F8706031462846FFF7BAFFD4F8942024
:10CCB000C5F834684FF001139768C5F81C384FF079
:10CCC00000604FF0FF3105EB46130136BE42C3F85A
:10CCD0000009C3F8000BC3F80819C3F8081BF2D900
:10CCE00016686E6210232B612F6917F01007FBD1B5
:10CCF0001220FBF72DFCD5F8003823F4FE63C5F8AD
:10CD00000038AB6943F4402343F01003AB610923BF
:10CD1000C5F81038C5F81438104BE3604FF0C04325
:10CD2000C5F8103B0E4BC5F8003BC5F81079C5F8A7
:10CD3000003906F11003C4F8983063681B6846F4A4
:10CD40008016AE6213B104483946984703B0BDE877
:10CD5000F04FFDF779BD00BF5C41002004EA0008F8
:10CD600040800010002D1ADAD6F8003E21789A078C
:10CD70001EBFD6F8003E23F00303C6F8003ED6F8E7
:10CD80000438052923F00103C6F8043807D194F8C4
:10CD90008C30237063681B680BB1994898472B054A
:10CDA00035D59748FFF76AFD2378052B2FD084F8F7
:10CDB0008C300523237063681B6813B190480421ED
:10CDC00098474FF0000ADFF83C92C4F808A04FF0F3
:10CDD00009084FF0300B59F8043FABB18BF31188C1
:10CDE000D9F80030586930B16FF001010C30009370
:10CDF000FDF7C4FC009B986920B16FF001010C3075
:10CE0000FDF7BCFC8AF31188B8F10108E3D1A8044E
:10CE10000CD5D6F8083813F0060FF36823F47053D6
:10CE20000CBF43F4105343F4A053F360290704D517
:10CE30006368DB680BB172489847EA0200F194809E
:10CE4000AB0211D5D4F8903000934FF000084FF0AA
:10CE500001094FF0300AC346D4F894309B685FFA5A
:10CE600088F18B4280F0D080E8061AD5D4F890C0C3
:10CE7000DCF82020C2F30A1002F00F0302F4F012D3
:10CE8000B2F5802F00F0FA80B2F5402F09D104EB03
:10CE900083030022DB681B6A0CF5805C904240F043
:10CEA000E0802B03D6F818482CD5E70302D50020E4
:10CEB000FFF7C6F8A60302D50120FFF7C1F860030B
:10CEC00002D50220FFF7BCF8210302D50320FFF7AB
:10CED000B7F8E20202D50420FFF7B2F8A30202D5A8
:10CEE0000520FFF7ADF8670202D50620FFF7A8F886
:10CEF000260202D50720FFF7A3F8E00102D508209B
:10CF0000FFF79EF869037FF521AFE20702D5002005
:10CF1000FFF710F8A30702D50120FFF70BF867070A
:10CF200002D50220FFF706F8260702D50320FFF7F7
:10CF300001F8E50602D50420FEF7FCFFA00602D5A5
:10CF40000520FEF7F7FF610602D50620FEF7F2FF87
:10CF5000220602D50720FEF7EDFFE3057FF5F6AECA
:10CF60000820FEF7E7FFF1E6D4F890A04FF00009A3
:10CF7000D4F894309B685FFA89F84345FFF460AFBA
:10CF80000AEB4813D3F8002902F44022B2F5802FAF
:10CF900032D1D3F80029002A2EDAD3F8002942F042
:10CFA0009042C3F80029D3F80029002AFBDBD4F80B
:10CFB00090004146FFF734FE2389012202FA08F26D
:10CFC00023EA020308F1020B238104EB8B035B6865
:10CFD0009B6813B10A4841469847302383F3118870
:10CFE00004EB8B0B0021DBF8043058690C30FDF7A3
:10CFF000C5FB002383F3118809F10109B8E700BFDD
:10D000005C41002064410020009B03EB4112D2F8F8
:10D01000003B03F44023B3F5802F1FD1D2F8003B2F
:10D02000002B1BDA638909FA01F223EA0203638108
:10D030008B1C04EB83025268D2681AB12448019316
:10D040009047019B8AF3118804EB83035B6898691E
:10D0500041680C30FDF792FB8BF3118808F1010851
:10D06000FAE6910708BFDCF80070072A98BF03F8BA
:10D07000017B02F1010298BF3F0A0FE7023304EB84
:10D0800083020CF5805C5268D2F818E0DEF80820C4
:10D09000DEE9001EA1EB0E0E002188420AD104EB4E
:10D0A000830463689B699A6802449A605A680244E0
:10D0B0005A60F6E611F0030F08BFDCF800708E45E9
:10D0C00088BF02F8017B01F1010188BF3F0AE4E754
:10D0D0005C410020164B10B51C68226BB2B91820B9
:10D0E00000F054F80246206320B9124B1248522136
:10D0F00000F02EF81149124BC0E90013114B836068
:10D100000B23838100210120C2E9040113690E4829
:10D1100054690E49584301FB0400A3FB013101335C
:10D1200040EB0100C2E9043020F0004010BD00BF18
:10D13000E80D00204AEA000861EA00080E33CDAB92
:10D1400034126DE6ECDE05002DF451582D7F954C20
:10D150001FB51D46094B1B680646D86852B1084CDE
:10D160000091CDE90142074933462A4600F0B6F85E
:10D1700000F0C6F8044C2246F2E700BFE80D00209C
:10D18000E5EA0008F2EA000820EB0008024B01463D
:10D19000186800F025B800BFE80D002070B50F4CEE
:10D1A0000E462168054611B9FFF7CCF820603146DC
:10D1B0002846FFF7C7F8431C03D14FF0FF34204641
:10D1C00070BDC41C24F00304A042F8D0211A2846E4
:10D1D000FFF7B8F80130F2D1EFE700BFB443002009
:10D1E0002DE9F843CD1C25F0030508350C2D38BF7B
:10D1F0000C25002D064601DBA94204D90C2333601F
:10D200000020BDE8F883334F00F066F83B681C4609
:10D210003CBB29463046FFF7C1FF431C044656D1AC
:10D220003C68A046B8F1000F40D1002C49D02368DB
:10D230004146304604EB0309FFF784F8814540D1AD
:10D2400021686D1A29463046FFF7A8FF013038D013
:10D2500023682B4423603B685A685ABBC7F8008098
:10D260000EE02268521B1ED40B2A16D96119A34264
:10D27000256018BF5960636808BF396062514B6010
:10D28000304600F02AF804F10B00231D20F00700BF
:10D29000C21A1CBF1B1AA350B3E76268A3420CBF9B
:10D2A0003A605A60ECE723466468B1E74446D8F830
:10D2B0000480B7E71A465B68A342FBD100235360A2
:10D2C000DEE70C233360304600F007F898E705608E
:10D2D000D6E700BFB8430020704770470EB403B5CF
:10D2E000014603AB054853F8042B0068019300F096
:10D2F00083F802B05DF804EB03B07047E80D00203E
:10D3000008B5062000F0B4FC0120FFF747F8000044
:10D3100037B5002944D051F8043C0190002BA1F10D
:10D320000404B8BFE418FFF7D7FF1E4A019813683A
:10D3300033B96360146003B0BDE83040FFF7CDBF80
:10D34000A34208D9256861198B4201BF19685B683F
:10D3500049192160EDE71A465B680BB1A342FAD97F
:10D3600011685518A5420BD1246821445418A342D2
:10D370001160E0D11C685B6853600C441460DAE70C
:10D3800002D90C230360D6E7256861198B4204BFDC
:10D3900019685B68636004BF491921605460CAE77B
:10D3A00003B030BDB84300209368013B002B10B49C
:10D3B000936007DA9469A34201DB0A2902D110BC09
:10D3C00000F07BBB1368581C10601970084610BC35
:10D3D0007047F8B506460F461446D518AC4201D141
:10D3E000002007E014F8011B3A463046FFF7DCFF47
:10D3F000431CF3D1F8BD00002DE9F047064696B076
:10D400000D4614461F4618B1036A0BB900F0E6FA40
:10D41000AB891B0759D52B69002B56D000230993E4
:10D4200020238DF8293003973023604F8DF82A3060
:10D430004FF0010823461A7899461AB1252A03F1BC
:10D440000103F8D1B9EB040A0BD053462246294612
:10D450003046FFF7BEFF013000F0A380099A524426
:10D46000099299F80030002B00F09B8000224FF0C9
:10D47000FF33CDE9053209F10109049207928DF8D5
:10D4800053204C46052214F8011B4848F6F768FF64
:10D49000049A28BBD00644BF20238DF853301107CF
:10D4A00044BF2B238DF8533099F800302A2B1ED01F
:10D4B00007994B4600204FF00A0C1A78303A092A97
:10D4C0001C4655D900B307911EE02946304600F0AE
:10D4D00031FB0028A2D04FF0FF3016B0BDE8F08736
:10D4E000C01B08FA00F010430490A146C9E7039B53
:10D4F000191D1B680391002BBBBF5B4242F0020267
:10D5000007930793B8BF049223782E2B0AD1637830
:10D510002A2B32D1039B1A1D1B68039243EAE37343
:10D5200002340593DFF89090217803224846F6F7FD
:10D5300017FF38B1049BA0EB09004022824013433F
:10D540000134049321781A488DF828100622F6F742
:10D5500007FF03AB00932A46164B04A9304600F0A0
:10D56000A3F8421C1DD0099B03440134099361E7D1
:10D5700001330CFB012101209FE700230593611C6F
:10D5800018464FF00A0C0A78303A092A0C4603D99B
:10D59000002BC7D00590C5E701310CFB002001230B
:10D5A000F1E7AB895B0696D4099896E721EB000872
:10D5B0002BEB0008D3D3000827EB00082DE9F04738
:10D5C000914698468A680B69089E9342B8BF1346F5
:10D5D000C9F8003091F8432007460C4612B10133D8
:10D5E000C9F800302368990642BFD9F800300233E9
:10D5F000C9F80030256815F0060507D104F1190AAD
:10D60000E368D9F800209B1AAB4229DC94F8433038
:10D610002268003B18BF012392062ED404F1430276
:10D6200041463846B047013021D02368A1682269BD
:10D6300003F00603042B01BFE568D9F80030ED1AAA
:10D6400025EAE57518BF00258B1A2B449142C8BF07
:10D650001D464FF000091A344D451AD1002008E04C
:10D660000123524641463846B047013003D14FF0BE
:10D67000FF30BDE8F0870135C2E7E1185A1C3020C1
:10D6800081F84300224494F8451082F84310023395
:10D69000C4E70123224641463846B0470130E6D070
:10D6A00009F10109D8E700002DE9F04398460B7E07
:10D6B00085B0782B174606460C9A0C4609D8622B83
:10D6C00001F1430108D8002B00F0DC80582B00F05A
:10D6D000BD8004F1420539E0A3F163001528F8D8B4
:10D6E00001A555F820F000BF41D7000855D7000824
:10D6F000D3D60008D3D60008D3D60008D3D6000866
:10D7000055D70008D3D60008D3D60008D3D60008D2
:10D71000D3D6000865D8000881D7000813D80008C0
:10D72000D3D60008D3D600088DD80008D3D6000879
:10D7300081D70008D3D60008D3D600081BD800082C
:10D740001368191D1B68116004F1420584F842300A
:10D750000123A8E013682568181D1060280601D56C
:10D760001B6803E06A06FBD5B3F90030002B03DA2F
:10D770002D225B4284F84320DFF878C10A2213E0AF
:10D780002568106815F0800F50F8043B02D16D0633
:10D7900048BF9BB21060227EDFF858C16F2A5DD16E
:10D7A0000822002084F843006568A560002D05DB91
:10D7B00020681D4320F00400206051D00D46B3FBCB
:10D7C000F2F002FB103E9A421CF80EE005F801ED63
:10D7D0000346F4D9082A0BD12368DA0708D5236950
:10D7E00062689A42DEBF302305F8013C05F1FF353F
:10D7F000491B2161CDF800803B4603AA21463046F3
:10D80000FFF7DCFE013053D14FF0FF3005B0BDE82B
:10D81000F083236843F020032360DFF8DCC0782323
:10D8200084F845302068156810F0800F55F8043BE7
:10D8300003D110F0400F18BF9BB21560C50744BF5D
:10D8400040F02000206023B11022AAE7DFF8A4C036
:10D85000E6E7226822F020022260F5E70A22A0E72C
:10D860000D46B7E71368D4F800C060691D1D156048
:10D870001CF0800F1B6801D0186003E01CF0400F03
:10D88000FAD01880002323610D46B3E71368191DF1
:10D8900011601D68626800212846F6F761FD08B135
:10D8A000401B606063682361002384F84330A1E774
:10D8B00023692A4639463046C0470130A4D0236840
:10D8C0009B0714D4E068039B9842B8BF18469DE7B5
:10D8D000012304F1190239463046C047013093D084
:10D8E0000135E36803995B1AAB42F1DCEAE70025F6
:10D8F000F7E700BF32EB000843EB0008002310B548
:10D900000446C0E90033C0E9043383608181436683
:10D91000C2818361194608225C3000F078F9054B1A
:10D920006362054BA362054BE362054B24622363EC
:10D9300010BD00BF33DA000855DA00088DDA0008A0
:10D94000B3DA0008024A0349034800F055B800BFA3
:10D95000380E0020C5DD0008EC0D002041680C4B9E
:10D96000994210B5044601D000F02CFAA168094B89
:10D97000994202D0204600F025FAE168064B994210
:10D9800004D02046BDE8104000F01CBA10BD00BF16
:10D99000BC430020244400208C44002010B50A4BD6
:10D9A0000A4A1A600A4800220421FFF7A7FF094823
:10D9B00001220921FFF7A2FFBDE81040064802221C
:10D9C0001221FFF79BBF00BFF444002045D9000897
:10D9D000BC430020244400208C440020036A33B957
:10D9E000034B0362034B1B680BB9FFF7D7BF7047AC
:10D9F0005DD90008F44400202DE9F84380468946AB
:10DA000014460026D4E90175013F05D52468002C91
:10DA1000F8D13046BDE8F883AB89012B07D9B5F9B9
:10DA20000E30013303D029464046C84706436835C7
:10DA3000EAE710B50C46B1F90E10FEF777FC0028A6
:10DA4000ABBF636DA3891B1823F48053ACBF636520
:10DA5000A38110BD2DE9F0411F468B89DB050546EA
:10DA60000C46164605D5B1F90E1002230022FEF72A
:10DA700062FCA389B4F90E1023F48053A3813246CB
:10DA80003B462846BDE8F041FEF757BC10B50C46B2
:10DA9000B1F90E10FEF74FFCB4F90C30421C0BBF6D
:10DAA00023F4805343F48053A381A38118BF60659E
:10DAB00010BDB1F90E10FEF742BCF8B505460F4691
:10DAC000144618B1036A0BB9FFF788FFA369A36076
:10DAD000A3891A0701D5236943B92146284600F0D6
:10DAE00029F818B14FF0FF363046F8BD2369206899
:10DAF000C01A6369834205DC2146284600F062F9BA
:10DB00000028EFD1A368013BA36023685A1C226060
:10DB10001F70636901308342FEB204D0A389DB0722
:10DB2000E2D50A2EE0D12146284600F04BF9002824
:10DB3000DAD0D7E738B5284B054618680C4618B137
:10DB4000036A0BB9FFF74AFFB4F90C30190720D468
:10DB5000DA0607D409222A6043F04003A3814FF07C
:10DB6000FF3031E0580711D5616B41B104F1440336
:10DB7000994202D02846FFF7CBFB002363630022C3
:10DB8000A38962602269226023F0240343F0080322
:10DB9000A38123694BB9A38903F42073B3F5007FF4
:10DBA00003D02146284600F046F9B4F90C3013F0B2
:10DBB00001020AD00022A26062695242A261226977
:10DBC00042B913F08000C7D138BD990758BF6269C8
:10DBD000A260F4E70020F7E7E80D0020884210B5C6
:10DBE00001EB020402D98442234607D8431EA14216
:10DBF00007D011F8012B03F8012FF8E70244824205
:10DC000000D110BD13F8011D02F8011DF7E7024411
:10DC10000346934200D1704703F8011BF9E71F291F
:10DC200038B505460C4604D9162303604FF0FF3083
:10DC300038BDC26B12B152F821304BB9284600F002
:10DC400031F8224601462846BDE8384000F018B8B1
:10DC5000012B0AD0591C03D1162303600120E7E7EA
:10DC6000002142F82410204698470020E0E70000F9
:10DC7000024B01461868FFF7D2BF00BFE80D002035
:10DC800038B5074C00230546084611462360FEF7C9
:10DC90008FFB431C02D1236803B12B6038BD00BF4A
:10DCA000F8440020FEF78EBB0A44914200F1FF3396
:10DCB00000D1704710B511F8014B03F8014F9142A4
:10DCC000F9D110BDB1F90C202DE9F0411607054638
:10DCD0000C4651D44B68002B02DC0B6C002B49DD49
:10DCE000E66A002E46D0002312F480522F682B6083
:10DCF00031D0626DA389590705D56368D21A636B69
:10DD00000BB1236CD21A0023E66A216A2846B04779
:10DD1000421CB4F90C3006D129681D2945D8284A7F
:10DD2000CA40D60741D500226260D9042269226028
:10DD300004D5421C01D12B6803B96065616B2F606B
:10DD4000C1B104F14403994202D02846FFF7E0FA3A
:10DD5000002363630EE0216A01232846B047024690
:10DD6000501CC7D12B68002BC4D01D2B01D0162B03
:10DD70001AD12F6000201DE00F69002FFAD0930701
:10DD80000E6808BF4B690F6018BF0023A6EB070899
:10DD90008B60B8F1000FEDDD216AA66A43463A4672
:10DDA0002846B047002807DCA38943F04003A3813D
:10DDB0004FF0FF30BDE8F0810744A8EB0008E8E72A
:10DDC0000100402038B50B6904460D466BB118B10F
:10DDD000036A0BB9FFF702FEB5F90C302BB12946E7
:10DDE0002046BDE83840FFF76DBF184638BD70B516
:10DDF0000E46B1F90E10002996B014461D460ADAF7
:10DE0000B28912F0800213D14FF4806100202A60A1
:10DE1000216016B070BD6A46FEF7B2FA0028EFDB4B
:10DE2000019A02F47042A2F500535A425A41EBE7BC
:10DE300000224021EAE78B8973B59E0705460C4610
:10DE400007D504F14703236023610123636102B016
:10DE500070BD01AB6A46FFF7CAFF009E28463146F7
:10DE6000FFF7BEF9B4F90C3038B99A05EFD423F0B6
:10DE7000030343F00203A381E3E743F08003A3819C
:10DE8000019B2060C4E90406002BE0D0B4F90E1019
:10DE90002846FEF780FA0028D9D0A38923F003038F
:10DEA00043F00103A381D2E710B501390244904247
:10DEB00001D1002005E0037811F8014FA34201D001
:08DEC000181B10BD0130F2E750
:10DEC80000FF8005010902A10185020901A10005E1
:10DED8000919012908150025019508750181020510
:10DEE80001093009311581257F95027508810609D8
:10DEF800381581257F950175088106050C0A3802B9
:10DF08001581257F950175088106C0C00501098026
:10DF1800A101850319012AB700150126B70095014B
:10DF280075108100C0050C0901A101850419012A99
:10DF3800A002150126A002950175108100C00501F7
:10DF48000906A1018507050719E029E7150025013C
:10DF58009508750181020507190029EF15002501AB
:10DF680095F07501810205081901290595057501C6
:10DF78009102950175039101C00660FF0961A10135
:10DF88000962150026FF00952075088102096315AE
:10DF98000026FF00952075089102C005010906A119
:10DFA80001050719E029E715002501950875018184
:10DFB800029501750881010507190029FF1500263A
:10DFC800FF00950675088100050819012905150047
:10DFD8002501950575019102950175039101C00E02
:10DFE8000348006F006C007900380030000000081A
:10DFF800033100320033000000040309040000006C
:10E00800B8EE0008FC440020FC440020FC4400203A
:10E01800B8EE00080000000000000000000000004A
:10E02800B8EE00080000000000000000000000003A
:10E03800B8EE00080000000000000000000000002A
:10E04800B8EE00080000000000000000000000001A
:10E05800B8EE00080000000000000000000000000A
:10E06800B8EE0008000000000000000000000000FA
:10E07800B8EE0008000000000000000000000000EA
:10E0880000000028000000005555555555555555B8
:10E09800FFFF00000000000000000000000000007A
:10E0A80000000000000000005555555555555555C0
:10E0B800FFFF00000000000000000000000000005A
:10E0C80000000000000000005555555555555555A0
:10E0D800FFFF00000000000000000000000000003A
:10E0E8000000000000000000100000001000000008
:10E0F8000400000000000000000000000000000014
:10E1080000000000000000000555400005554000D3
:10E11800F3080000000000000000000000000000FC
:10E128000300000000000000A564000800000000D3
:10E1380020000000480E002000000000020000003F
:10E14800000000000300000000000000A5640008B3
:10E1580000000000080000005C0E00200000000025
:10E1680002000000000000000A0600020000004053
:10E1780001001201000200000040BECAB20D0100F9
:10E18800010200014422B600A3DF000881DF000875
:10E19800CBDE0008190C0020320C0020520C0020A5
:10E1A80004080E0001E00008F7DF0008E7DF0008B8
:10E1B80029003A003B003C003D003E003F00400083
:10E1C8004100420043004400450068004600470003
:10E1D80035001E001F00200021002200230024001B
:10E1E8002500260027002D002E002A0049004A009D
:10E1F8002B0014001A000800150017001C00180056
:10E208000C00120013002F00300031004C004D00AC
:10E21800390004001600070009000A000B000D0071
:10E228000E000F003300340028000000000000003A
:10E23800E1001D001B000600190005001100100078
:10E24800360037003800E5000000000052000000EA
:10E25800E000E300E200000000002C0000000000E5
:10E268000000E6002152E4000000500051004F0079
:10E27800010001000100010001000100010001008E
:10E28800010001000100010001000100010001007E
:10E29800010001000100010001000100010001006E
:10E2A800010001000100010001000100010001005E
:10E2B80001002078217823782578277829780100AB
:10E2C800010001000100010001000100010001003E
:10E2D80001000B7E22782478267828782A78010095
:10E2E8000100010001000100010000000000000021
:10E2F800010001000100010001000100010011708E
:10E30800127001000100010000000000010000007F
:10E3180001000100010000000000010000000000F1
:10E3280000000100010001000000010001000100DF
:10E3380001000100010001000100010001000100CD
:10E3480001000100010001000100010001000100BD
:10E3580001000100010001000100010001000100AD
:10E36800010001000100010001000100010001009D
:10E37800010001000100010001000100010001008D
:10E38800010001000100010001000100010001007D
:10E39800010001000100010001000100010001006D
:10E3A8000100010001000100010000000000000060
:10E3B800010001000100010001000100010001004D
:10E3C8000100010001000100000000000100000040
:10E3D8000100010001000000000001000000000031
:10E3E800000001000100010000000100010001001F
:10E3F800010001000100010001000100010001000D
:10E4080001000100010001000100010001000100FC
:10E4180001000100010001000100010001000100EC
:10E4280001000100010001000100010001000100DC
:10E4380001000100010001000100010001000100CC
:10E4480001000100010001000100010001000100BC
:10E4580001000100010001000100010001000100AC
:10E46800010001000100010001000000000000009F
:10E47800010001000100010001000100010001008C
:10E48800010001000100010000000000010000007F
:10E498000100010001000000000001000000000070
:10E4A800000001000100010000000100010001005E
:10E4B80000F36F0687000000000000000000000065
:10E4C8000000000000000000000000000100000043
:10E4D8000000000000000000000000000000000034
:10E4E8000000000000010000003131295A1B750AA4
:10E4F80000010101010101010101020202020202FF
:10E5080002020203030303030303030404040404D1
:10E518000404050505050506060606060707070798
:10E528000708080808090909090A0A0A0B0B0B0C4D
:10E538000C0C0D0D0D0E0E0E0F0F0F1010111111EA
:10E54800121213131414151516161717181819196B
:10E558001A1A1B1B1C1D1D1E1E1F202021222223D0
:10E568002424252626272829292A2B2C2D2D2E2F11
:10E5780030313232333435363738393A3B3C3D3E28
:10E588003F404142434445464748494A4C4D4E4F17
:10E5980050515354555658595A5B5D5E5F616264D9
:10E5A800656668696B6C6D6F7072737577787A7B66
:10E5B8007D7E8082838587888A8C8E8F91939596BD
:10E5C800989A9C9EA0A2A3A5A7A9ABADAFB1B3B5DD
:10E5D800B7BABCBEC0C2C4C6C9CBCDCFD1D4D6D8B9
:10E5E800DBDDDFE2E4E7E9EBEEF0F3F5F8FAFDFF57
:10E5F800006002400860024001000000046102401F
:10E6080000000B00006002401C6002400200000095
:10E618000861024004010C000060024030600240C2
:10E62800040000000C61024008020D000060024076
:10E638004460024008000000106102400C030E0014
:10E64800006002405860024010000000146102405F
:10E6580010040F00006002406C60024020000000BF
:10E6680018610240140510000060024080600240FA
:10E67800400000001C6102401806110000640240BE
:10E68800086402408000000004650240000738006A
:10E69800006402401C64024000010000086502405A
:10E6A800040839000064024030640240000200009F
:10E6B8000C65024008093A000064024044640240C4
:10E6C80000040000106502400C0A3B000064024090
:10E6D800586402400008000014650240100B3C001A
:10E6E800006402406C64024000100000186502409B
:10E6F800140C4400006402408064024000200000C2
:10E708001C650240180D45000000000031BD0008DE
:10E71800F1C0000839BD0008C7BD00081BC10008CA
:10E72800CBBD000853C100085D80000805A700089C
:10E738000001000000040000080000005DEB000874
:10E74800700E002050100020000000007BA500087B
:10E75800A5A60008E5A4000813A60008EFA4000871
:10E768001DA6000885A50008AFA600080000000047
:10E77800F1810008ED630008ED8700084171000889
:10E788004E4F505152535455565758595A5B5C5D29
:10E798003E3F404142434445464748494A4B4C4D19
:10E7A8002E2F303132333435363738393A3B3C3D09
:10E7B8001718191A1B1C1D1E1F20212223FFFFFFDB
:10E7C8000A0B0C0D0E0F101112131415FFFF16FF74
:10E7D800000102FFFF03FFFFFF040506FF0708090A
:10E7E80000401140224034408A409B40AC40C44025
:10E7F800D240E04000341F342D343B344834563482
:10E808006434723480348D349B34A934D234002873
:10E8180018282628342841284F285D286B2879286D
:10E8280086289428A228B028D228D428D528D728E2
:10E83800D828DA28DB28DD28DE28E028001B151B6D
:10E84800221B301B3E1B4C1B5A1B671B751B831B53
:10E85800911B9F1BAC1BBA1BD21BE01B000F0E0F9A
:10E868001C0F290F370F450F530F600F6E0F7C0FCA
:10E878008A0F980FA50FB30FD20FE00F00001100F9
:10E888001F002D003B004C005A00670075008600F1
:10E898009400A200B000C100D200E000D907AF0781
:10E8A80085075B07310707070721073A313A5B3AC3
:10E8B800853AAF3AD93AD921010101010101010193
:10E8C8000101010101010101010101010101010130
:10E8D8000101010101010101010101010101010120
:10E8E8000101010101010101010101010101010110
:10E8F8000101010101010101010101010101010100
:10E9080001010101010101010101010101010101EF
:10E9180001010101010104040404040404040404C1
:10E9280004040404E200E900EA00B500B600B700F8
:10E93800CD008301CC008A019201940121022302B7
:10E9480024022502260227022A02B300B4006F001F
:10E9580070009F01CB019F02A00200000000000090
:10E9680000000000000000000000000000007E0F12
:10E9780000D4FFFFFFC7000000780000000000007F
:10E9880000002A2B28000000000000000000000002
:10E99800000000000029000000002C1E3420212265
:10E9A80024342627252E362D3738271E1F202122CE
:10E9B800232425263333362E37381F040506070847
:10E9C800090A0B0C0D0E0F10111213141516171837
:10E9D800191A1B1C1D2F3130232D35040506070875
:10E9E800090A0B0C0D0E0F10111213141516171817
:10E9F800191A1B1C1D2F3130354C00000000000077
:10EA0800D9C80008CFC1000889C2000840004000EA
:10EA1800A0430020A04300200100000097430020ED
:10EA28000300000002000000800000000000000059
:10EA380000080000000000080000040000000100B9
:10EA480000005245454E54206D616C6C6F63207315
:10EA58007563636565646564002F742F6275696CFE
:10EA6800642F686F73745F77696E646F7773583655
:10EA7800342D7461726765745F626172656D657467
:10EA8800616C41524D2F2E6275696C642F484F534B
:10EA9800542D7838365F36342D7736342D6D696EBF
:10EAA800677733322F61726D2D6E6F6E652D6561DC
:10EAB80062692F7372632F6E65776C69622D6E6160
:10EAC8006E6F2F6E65776C69622F6C6962632F7346
:10EAD80074646C69622F72616E642E63002C206608
:10EAE800756E6374696F6E3A200061737365727432
:10EAF800696F6E2022257322206661696C65643A0D
:10EB08002066696C6520222573222C206C696E654D
:10EB1800202564257325730A00232D302B200068D7
:10EB28006C4C0065666745464700303132333435F2
:10EB38003637383941424344454600303132333460
:10EB48003536373839616263646566003236303588
:10EB5800323830610063300065786974006B696C25
:10EB68006C00002020202020202020202828282871
:10EB78002820202020202020202020202020202085
:10EB880020202088101010101010101010101010D5
:10EB980010101004040404040404040404101010E5
:10EBA8001010101041414141414101010101010191
:10EBB800010101010101010101010101010110101F
:10EBC8001010101042424242424202020202020265
:10EBD80002020202020202020202020202021010F1
:10EBE80010102000000000000000000000000000DD
:10EBF800000000000000000000000000000000000D
:10EC080000000000000000000000000000000000FC
:10EC180000000000000000000000000000000000EC
:10EC280000000000000000000000000000000000DC
:10EC380000000000000000000000000000000000CC
:10EC480000000000000000000000000000000000BC
:10EC580000000000000000000000000000000000AC
:04EC680000000000A8
:08EC6C00F456FF7F01000000D7
:10EC74000096000000000809025B00030100A0FAEE
:10EC8400090400000103010100092111010001220E
:10EC94004400070581030800010904010002030080
:10ECA400000009211101000122220007058203202E
:10ECB4000004070503032000040904020001030003
:10ECC400000009211101000122B600070584032078
:10ECD4000001FFFF00FF000039050000C54C0008DB
:10ECE400FFFFFFFFFFFF0000FFFF00000100000027
:10ECF400FD640008A58A0008E98A0008098B000859
:10ED040004000000040000000000000000000000F7
:10ED140000000000000000000000000000000000EF
:10ED240000000000000000000000000000000000DF
:10ED340000000000000000000000000000000000CF
:10ED4400000000000300000000000000F97E00083D
:10ED5400000000002000000000000000000000008F
:10ED6400020000000000000003000000000000009A
:10ED740000000000E77F0008000020000000000001
:10ED8400000000000200000000000000030000007A
:10ED940000000000096500080000000008000000F1
:10EDA400000000000000000002000000000000005D
:10EDB4005C41002002030000040000000400000085
:10EDC400200000002000000000000000E0100020EF
:10EDD40050100020000000000000000000000000AF
:10EDE400000000000000000000000000000000001F
:10EDF400000000000000000000000000000000000F
:10EE040000000000000000000000000000000000FE
:10EE140000000000000000000000000000000000EE
:10EE240000000000000000000000000000000000DE
:10EE340000000000000000000000000000000000CE
:10EE440000000000000000000000000000000000BE
:10EE54000000000001030000EC0D00200000000091
:10EE6400BC430020244400208C4400200000000007
:10EE7400000000000000000000000000000000008E
:10EE8400000000000000000000000000000000007E
:10EE9400000000000000000000000000000000006E
:10EEA400000000000000000000000000030000005B
:04EEB400BC4300203B
:040000050800431D8F
:00000001FF
